Workbook

Sheet 0_README
A1: NEURAL / BANQUE / MARKETING - AG-BM003
A2: Adapt bank marketing by segment while preserving consent, fairness and explainability
A4: # | B4: Topic | C4: Detail | D4: Status
A5: 1 | B5: Agent | C5: SegmentedBankMarketing (AG-BM003) | D5: synthetic
A6: 2 | B6: Owner | C6: CRM Marketing + DPO | D6: synthetic
A7: 3 | B7: Mode | C7: Scenario-id only, portfolio workbook, no production personal data. | D7: synthetic
A8: 4 | B8: Data | C8: Synthetic recruiter demo as of 2026-04-25. | D8: synthetic

Sheet 1_PARAMS
A1: PARAMS
A2: Workbook parameters consumed by later sync/parsers
A4: KEY | B4: VALUE | C4: NOTE
A5: AGENT_ID | B5: AG-BM003
A6: AGENT_NAME | B6: SegmentedBankMarketing
A7: OWNER | B7: CRM Marketing + DPO
A8: DATA_VERSION | B8: v2026.04.25
A9: REFRESH_DATE | B9: 46137
A10: INPUT_MODE | B10: scenario-id-only
A11: HITL_REQUIRED | B11: YES | C11: Compliance, legal or DPO final decision.

Sheet 2_INPUT_SCENARIOS
A1: INPUT SCENARIOS
A2: Frozen examples used to exercise PASS / REVIEW / BLOCK decisions
A4: SCENARIO_ID | B4: LABEL | C4: PRODUCT | D4: CHANNEL | E4: SEGMENT | F4: JURISDICTION | G4: CLEAR_NOT_MISLEADING | H4: RISK_BALANCED | I4: SOURCE_ACTIVE | J4: NUM_VALIDATED | K4: MIFID_TARGET_MARKET | L4: PRIIPS_KID_CONSISTENT | M4: MICA_CRYPTO_MARKETING | N4: GDPR_CONSENT_PROFILING | O4: AI_ACT_DISCLOSURE | P4: HITL_COMPLIANCE | Q4: EXPECTED_VERDICT | R4: NOTE
A5: BM003-PASS-APP | B5: Consented app push for budgeting feature | C5: Budget app | D5: APP_PUSH | E5: Young retail | F5: FR | G5: YES | H5: YES | I5: YES | J5: YES | K5: NA | L5: NA | M5: NA | N5: YES | O5: YES | P5: YES | Q5: PASS | R5: Consent and AI personalization notice are present.
A6: BM003-REVIEW-SENIOR | B6: Senior email personalization needs readability review | C6: Savings | D6: EMAIL | E6: Senior retail | F6: FR | G6: YES | H6: YES | I6: YES | J6: YES | K6: NA | L6: NA | M6: NA | N6: YES | O6: REVIEW | P6: YES | Q6: PASS_WITH_REVIEW | R6: Vulnerable segment needs readability and pressure-wording review.
A7: BM003-BLOCK-PROFILING | B7: Crypto landing page retargeted without consent | C7: Crypto | D7: LANDING_PAGE | E7: Crypto interest | F7: FR | G7: YES | H7: YES | I7: YES | J7: YES | K7: NA | L7: NA | M7: YES | N7: NO | O7: NO | P7: NO | Q7: BLOCK | R7: Consentless profiling and missing AI disclosure block the campaign.

Sheet 3_POLICY_GATES
A1: POLICY GATES
A2: Deterministic gates that override any LLM output
A4: GATE_ID | B4: LABEL | C4: SEVERITY | D4: BLOCKING | E4: SOURCE_REF | F4: OWNER | G4: NOTE
A5: GATE-GDPR-CONSENT-PROFILING | B5: GDPR consent and profiling basis | C5: CRITICAL | D5: YES | E5: SRC-CNIL-PROF-001 | F5: DPO | G5: Marketing personalization needs legal basis.
A6: GATE-AI-ACT-DISCLOSURE | B6: AI Act transparency disclosure | C6: HIGH | D6: YES | E6: SRC-EU-AIACT-001 | F6: DPO + Marketing | G6: AI-assisted public personalization needs disclosure when applicable.
A7: GATE-AMF-ACPR-CLEAR-NOT-MISLEADING | B7: Clear and non-misleading segment copy | C7: CRITICAL | D7: YES | E7: SRC-AMF-ACPR-PUB-001 | F7: Marketing Compliance | G7: Adapted wording cannot remove material risks.
A8: GATE-HITL-COMPLIANCE | B8: Human compliance approval | C8: CRITICAL | D8: YES | E8: internal | F8: Compliance | G8: Segmented campaigns require named approval.

Sheet 4_RESTRICTED_SIGNALS
A1: RESTRICTED SIGNALS
A2: Terms, patterns and situations that trigger review or block
A4: SIGNAL_ID | B4: PATTERN | C4: TYPE | D4: SEVERITY | E4: ACTION | F4: RATIONALE
A5: BM003-SIG-001 | B5: lookalike crypto audience | C5: profiling | D5: CRITICAL | E5: BLOCK | F5: High-risk interest inference needs consent and review.
A6: BM003-SIG-002 | B6: senior urgency | C6: vulnerable | D6: HIGH | E6: REVIEW | F6: Avoid pressure tactics for vulnerable clients.
A7: BM003-SIG-003 | B7: AI-selected offer | C7: ai | D7: HIGH | E7: REVIEW | F7: Explain personalization and human support.
A8: BM003-SIG-004 | B8: SMS acquisition | C8: channel | D8: HIGH | E8: REVIEW | F8: Consent and opt-out must be explicit.

Sheet 5_SCORING_ENGINE
A1: SCORING ENGINE
A2: Excel formulas mirror the first deterministic gate implementation
A4: SCENARIO_ID | B4: EXPECTED_VERDICT | C4: G_CLEAR | D4: G_BALANCE | E4: G_SOURCE | F4: G_NUM | G4: G_MIFID | H4: G_PRIIPS | I4: G_MICA | J4: G_GDPR | K4: G_AI | L4: G_HITL | M4: BLOCK_COUNT | N4: REVIEW_COUNT | O4: OBSERVED_DECISION | P4: PASS_FAIL
A5: ='2_INPUT_SCENARIOS'!A5 | B5: ='2_INPUT_SCENARIOS'!Q5 | C5: =IF('2_INPUT_SCENARIOS'!G5="NO","FAIL",IF('2_INPUT_SCENARIOS'!G5="REVIEW","REVIEW","PASS")) | D5: =IF('2_INPUT_SCENARIOS'!H5="NO","FAIL",IF('2_INPUT_SCENARIOS'!H5="REVIEW","REVIEW","PASS")) | E5: =IF('2_INPUT_SCENARIOS'!I5="NO","FAIL",IF('2_INPUT_SCENARIOS'!I5="REVIEW","REVIEW","PASS")) | F5: =IF('2_INPUT_SCENARIOS'!J5="NO","FAIL",IF('2_INPUT_SCENARIOS'!J5="REVIEW","REVIEW","PASS")) | G5: =IF('2_INPUT_SCENARIOS'!K5="NO","FAIL",IF('2_INPUT_SCENARIOS'!K5="REVIEW","REVIEW","PASS")) | H5: =IF('2_INPUT_SCENARIOS'!L5="NO","FAIL",IF('2_INPUT_SCENARIOS'!L5="REVIEW","REVIEW","PASS")) | I5: =IF('2_INPUT_SCENARIOS'!M5="NO","FAIL",IF('2_INPUT_SCENARIOS'!M5="REVIEW","REVIEW","PASS")) | J5: =IF('2_INPUT_SCENARIOS'!N5="NO","FAIL",IF('2_INPUT_SCENARIOS'!N5="REVIEW","REVIEW","PASS")) | ... L5: =IF('2_INPUT_SCENARIOS'!P5="NO","FAIL",IF('2_INPUT_SCENARIOS'!P5="REVIEW","REVIEW","PASS")) | M5: =COUNTIF(C5:L5,"FAIL") | N5: =COUNTIF(C5:L5,"REVIEW") | O5: =IF(M5>0,"BLOCK",IF(N5>0,"PASS_WITH_REVIEW","PASS")) | P5: =IF(O5=B5,"OK","FAIL")
A6: ='2_INPUT_SCENARIOS'!A6 | B6: ='2_INPUT_SCENARIOS'!Q6 | C6: =IF('2_INPUT_SCENARIOS'!G6="NO","FAIL",IF('2_INPUT_SCENARIOS'!G6="REVIEW","REVIEW","PASS")) | D6: =IF('2_INPUT_SCENARIOS'!H6="NO","FAIL",IF('2_INPUT_SCENARIOS'!H6="REVIEW","REVIEW","PASS")) | E6: =IF('2_INPUT_SCENARIOS'!I6="NO","FAIL",IF('2_INPUT_SCENARIOS'!I6="REVIEW","REVIEW","PASS")) | F6: =IF('2_INPUT_SCENARIOS'!J6="NO","FAIL",IF('2_INPUT_SCENARIOS'!J6="REVIEW","REVIEW","PASS")) | G6: =IF('2_INPUT_SCENARIOS'!K6="NO","FAIL",IF('2_INPUT_SCENARIOS'!K6="REVIEW","REVIEW","PASS")) | H6: =IF('2_INPUT_SCENARIOS'!L6="NO","FAIL",IF('2_INPUT_SCENARIOS'!L6="REVIEW","REVIEW","PASS")) | I6: =IF('2_INPUT_SCENARIOS'!M6="NO","FAIL",IF('2_INPUT_SCENARIOS'!M6="REVIEW","REVIEW","PASS")) | J6: =IF('2_INPUT_SCENARIOS'!N6="NO","FAIL",IF('2_INPUT_SCENARIOS'!N6="REVIEW","REVIEW","PASS")) | ... L6: =IF('2_INPUT_SCENARIOS'!P6="NO","FAIL",IF('2_INPUT_SCENARIOS'!P6="REVIEW","REVIEW","PASS")) | M6: =COUNTIF(C6:L6,"FAIL") | N6: =COUNTIF(C6:L6,"REVIEW") | O6: =IF(M6>0,"BLOCK",IF(N6>0,"PASS_WITH_REVIEW","PASS")) | P6: =IF(O6=B6,"OK","FAIL")
A7: ='2_INPUT_SCENARIOS'!A7 | B7: ='2_INPUT_SCENARIOS'!Q7 | C7: =IF('2_INPUT_SCENARIOS'!G7="NO","FAIL",IF('2_INPUT_SCENARIOS'!G7="REVIEW","REVIEW","PASS")) | D7: =IF('2_INPUT_SCENARIOS'!H7="NO","FAIL",IF('2_INPUT_SCENARIOS'!H7="REVIEW","REVIEW","PASS")) | E7: =IF('2_INPUT_SCENARIOS'!I7="NO","FAIL",IF('2_INPUT_SCENARIOS'!I7="REVIEW","REVIEW","PASS")) | F7: =IF('2_INPUT_SCENARIOS'!J7="NO","FAIL",IF('2_INPUT_SCENARIOS'!J7="REVIEW","REVIEW","PASS")) | G7: =IF('2_INPUT_SCENARIOS'!K7="NO","FAIL",IF('2_INPUT_SCENARIOS'!K7="REVIEW","REVIEW","PASS")) | H7: =IF('2_INPUT_SCENARIOS'!L7="NO","FAIL",IF('2_INPUT_SCENARIOS'!L7="REVIEW","REVIEW","PASS")) | I7: =IF('2_INPUT_SCENARIOS'!M7="NO","FAIL",IF('2_INPUT_SCENARIOS'!M7="REVIEW","REVIEW","PASS")) | J7: =IF('2_INPUT_SCENARIOS'!N7="NO","FAIL",IF('2_INPUT_SCENARIOS'!N7="REVIEW","REVIEW","PASS")) | ... L7: =IF('2_INPUT_SCENARIOS'!P7="NO","FAIL",IF('2_INPUT_SCENARIOS'!P7="REVIEW","REVIEW","PASS")) | M7: =COUNTIF(C7:L7,"FAIL") | N7: =COUNTIF(C7:L7,"REVIEW") | O7: =IF(M7>0,"BLOCK",IF(N7>0,"PASS_WITH_REVIEW","PASS")) | P7: =IF(O7=B7,"OK","FAIL")

Sheet 6_OUTPUT_PACK
A1: OUTPUT PACK
A2: Portfolio-safe outputs for later site integration
A4: OUTPUT_ID | B4: SCENARIO_ID | C4: PACK_SECTION | D4: DECISION_REF | E4: CONTENT | F4: EXPORT_READY | G4: REVIEW_OWNER | H4: HASH_SEED
A5: OUT-BM003-001 | B5: BM003-PASS-APP | C5: Adapted copy | D5: ='5_SCORING_ENGINE'!O5 | E5: Send concise app push with link to full disclosure and opt-out path. | F5: YES | G5: CRM Marketing | H5: AG-BM003-BM003-PASS-APP-v20260425
A6: OUT-BM003-002 | B6: BM003-REVIEW-SENIOR | C6: Review brief | D6: ='5_SCORING_ENGINE'!O6 | E6: Simplify sentence length and remove urgency before compliance approval. | F6: YES | G6: DPO + Compliance | H6: AG-BM003-BM003-REVIEW-SENIOR-v20260425
A7: OUT-BM003-003 | B7: BM003-BLOCK-PROFILING | C7: Block notice | D7: ='5_SCORING_ENGINE'!O7 | E7: Stop campaign until consent basis, AI disclosure and crypto risk gates are fixed. | F7: YES | G7: DPO | H7: AG-BM003-BM003-BLOCK-PROFILING-v20260425

Sheet 7_DASHBOARD
A1: DASHBOARD
A2: Executive portfolio dashboard
A4: KPI | B4: VALUE | C4: FORMULA_SOURCE | D4: STATUS
A5: Scenarios | B5: =COUNTA('2_INPUT_SCENARIOS'!A5:A50) | C5: 2_INPUT_SCENARIOS | D5: OK
A6: PASS | B6: =COUNTIF('5_SCORING_ENGINE'!O:O,"PASS") | C6: 5_SCORING_ENGINE | D6: OK
A7: PASS_WITH_REVIEW | B7: =COUNTIF('5_SCORING_ENGINE'!O:O,"PASS_WITH_REVIEW") | C7: 5_SCORING_ENGINE | D7: OK
A8: BLOCK | B8: =COUNTIF('5_SCORING_ENGINE'!O:O,"BLOCK") | C8: 5_SCORING_ENGINE | D8: OK
A9: Formula tests OK | B9: =COUNTIF('5_SCORING_ENGINE'!P:P,"OK") | C9: 5_SCORING_ENGINE | D9: OK

Sheet 8_TESTSET
A1: TESTSET
A2: Expected decisions used by verify_workbooks.py
A4: SCENARIO_ID | B4: EXPECTED | C4: OBSERVED | D4: PASS_FAIL | E4: NOTE
A5: ='2_INPUT_SCENARIOS'!A5 | B5: ='2_INPUT_SCENARIOS'!Q5 | C5: ='5_SCORING_ENGINE'!O5 | D5: ='5_SCORING_ENGINE'!P5 | E5: Scenario exercises one MVP Banque Marketing gate path.
A6: ='2_INPUT_SCENARIOS'!A6 | B6: ='2_INPUT_SCENARIOS'!Q6 | C6: ='5_SCORING_ENGINE'!O6 | D6: ='5_SCORING_ENGINE'!P6 | E6: Scenario exercises one MVP Banque Marketing gate path.
A7: ='2_INPUT_SCENARIOS'!A7 | B7: ='2_INPUT_SCENARIOS'!Q7 | C7: ='5_SCORING_ENGINE'!O7 | D7: ='5_SCORING_ENGINE'!P7 | E7: Scenario exercises one MVP Banque Marketing gate path.

Sheet 9_LEARNINGS
A1: LEARNINGS
A2: Recruiter-facing implementation notes and next steps
A4: ID | B4: TOPIC | C4: LEARNING | D4: NEXT_STEP | E4: STATUS
A5: LRN-001 | B5: Consent | C5: Segmentation is the place where marketing value and regulatory risk meet. | D5: Add consent matrix to site demo. | E5: OPEN
A6: LRN-002 | B6: Vulnerable clients | C6: Senior targeting needs a softer copy and review gate. | D6: Add pressure-wording classifier later. | E6: OPEN
A7: LRN-003 | B7: AI disclosure | C7: The August 2026 AI Act milestone should be explicit in portfolio materials. | D7: Add date-aware gate in V1. | E7: OPEN
