Workbook

Sheet Claude Log
A1: Turn # | B1: Date | C1: User Request | D1: Action Taken | E1: Details | F1: Outcome
A2: 1 | B2: 46115 | C2: Analyse complète du fichier SkillsMapAero + propositions d'améliorations formules/automatisation + ergonomie 01_PARAMETRES (menus déroulants) | D2: Audit complet des 18 onglets: formules, liaisons inter-onglets, bugs, et ergonomie | E2: BUGS CRITIQUES trouvés: (1) 03_ANNUAIRE!Q divise par B10 (date) au lieu de B15 (objectif polyvalence); (2) 02_REF!S compare à B9 (texte EASA) au lieu de B14 (nb min titulaires); (3) Dashboard TOP10 avec doublons. Propositions: menus déroulants, validation données, formules dynamiques pour 01_PARAMETRES. | F2: Recommandations détaillées fournies. En attente validation utilisateur pour implémenter.
A3: 2 | B3: 46115 | C3: Utilisateur valide les 4 corrections + améliorations ergonomiques proposées au Turn 1 | D3: Implémenté les 4 correctifs bugs + ajout menus déroulants et validation de données | E3: Bug1: 03_ANNUAIRE!Q5:Q64 corrigé B10→$B$15 (score polyvalence passe de ~0.00008 à 0.8). Bug2: 02_REF!S5:S34 corrigé B9→$B$14 (alerte titulaires fonctionne maintenant). Bug3: 02_REF!N5:N34 remplacé texte dur par formule SI(E>=5,Critique;E>=4,Eleve;E>=3,Moyen;Faible). Bug4: Dashboard TOP10 A28:C37 remplacé LARGE/MATCH par SORTBY → 10 compétences distinctes. Validation: B8 liste secteurs, B12 entier 1-5, B13 décimal 0-1, B14 entier 1-20, B15 entier 1-10, B16 positif. 03_ANNUAIRE D5:D64 dropdown sites, J5:J64 dropdown BUs. 04_MATRICE I5:I432 entier 0-4. | F3: Tous les bugs corrigés et vérifiés. Formules Q col donnent maintenant des scores significatifs (0.4-1.6). Alertes S col distinguent correctement Critique/Sous controle. Dashboard TOP10 affiche 10 compétences uniques. Validation données active sur paramètres, annuaire et matrice.

Sheet 01_PARAMETRES
A1: NEURAL - SkillsMapAero - Parametres
A2: Configuration de reference de l'agent
A4: REFERENTIEL D'ENTREPRISE
A5: Parametre | B5: Valeur | C5: Description
A6: Nom de l'entreprise | B6: Safran Aircraft Engines | C6: Reference d'entreprise
A7: Code entreprise | B7: SAF-AE | C7: Identifiant interne
A8: Secteur | B8: Aeronautique - Moteurs | C8: Activite principale
A9: Agrement EASA PART 21 | B9: FR.21G.0049 | C9: Numero d'agrement production
A10: Date de reference | B10: 02/04/2026 | C10: Date de calcul
A11: Exercice | B11: 2026 | C11: Annee de pilotage
A12: Niveau minimum requis | B12: 3 | C12: Seuil de conformite
A13: Taux de couverture cible | B13: 0.95 | C13: Objectif global
A14: Nb minimum titulaires competence critique | B14: 3 | C14: Seuil d'alerte
A15: Objectif polyvalence | B15: 5 | C15: Nombre de competences qualifiees vise
A16: Budget formation global | B16: 320000 | C16: Budget annuel de reference
A19: SITES
A20: Site 1 | B20: Villaroche (77)
A21: Site 2 | B21: Gennevilliers (92)
A22: Site 3 | B22: Chatellerault (86)
A23: Site 4 | B23: Bordes (64)
A24: Site 5 | B24: Istres (13)
A26: BUSINESS UNITS
A27: BU 1 | B27: Production
A28: BU 2 | B28: Maintenance (MRO)
A29: BU 3 | B29: Bureau d'etudes
A30: BU 4 | B30: Qualite
A31: BU 5 | B31: Supply Chain
A32: BU 6 | B32: HSE
A34: ECHELLE DE COMPETENCE
A35: Niveau | B35: Libelle | C35: Definition
A36: 1 | B36: Debutant | C36: Sensibilise, formation initiale suivie
A37: 2 | B37: Operationnel guide | C37: Execute sous supervision directe
A38: 3 | B38: Autonome | C38: Maitrise en situation courante
A39: 4 | B39: Expert | C39: Gere situations complexes, forme les autres
A40: 5 | B40: Referent | C40: Autorite reconnue, definit les standards

Sheet 02_REF_COMPETENCES
A1: Referentiel des competences aeronautiques
A2: Base catalogue et indicateurs de couverture
A4: ID | B4: Competence | C4: Categorie | D4: Sous-cat. | E4: Criticite | F4: Duree form. | G4: Cout form. | H4: Rarete | I4: Norme | J4: Cout rupture | K4: Impact | L4: Niveau moyen | M4: Nb evals | N4: Criticite libelle | O4: Nb titulaires niv>=4 | P4: Nb titulaires niv>=3 | Q4: Nb postes requis | R4: Ecart couvert. | S4: Alerte | T4: Invest. formation | U4: Indice rarete | V4: Indice risque | W4: Statut risque | X4: Taux couverture
A5: COMP-001 | B5: Soudure TIG aeronautique | C5: Procedes speciaux | D5: Soudure | E5: 5 | F5: 15 | G5: 6000 | H5: 5 | I5: AWS D17.1 / NF EN 4677 | J5: 50000 | K5: Arret ligne assemblage | L5: =IFERROR(AVERAGEIF('04_MATRICE_SKILLS'!F:F,A5,'04_MATRICE_SKILLS'!I:I),0) -> 3 | M5: =COUNTIF('04_MATRICE_SKILLS'!F:F,A5) -> 11 | N5: =IF(E5="","",IF(E5>=5,"Critique",IF(E5>=4,"Eleve",IF(E5>=3,"Moyen","Faible")))) -> Critique | O5: =COUNTIFS('04_MATRICE_SKILLS'!F:F,A5,'04_MATRICE_SKILLS'!I:I,">="&4) -> 3 | P5: =COUNTIFS('04_MATRICE_SKILLS'!F:F,A5,'04_MATRICE_SKILLS'!I:I,">="&3) -> 8 | Q5: =COUNTIF('05_GAP_ANALYSIS'!E:E,A5) -> 6 | R5: =P5-Q5 -> 2 | S5: =IF(AND(E5>=4,P5<'01_PARAMETRES'!$B$14),"Critique",IF(P5=0,"Alerte","Sous controle")) -> Sous controle | T5: =G5*MAX(1,Q5-P5) -> 6000 | U5: =H5*20 -> 100 | V5: =ROUND((E5*8)+(H5*6)+(MAX(0,Q5-P5)*10),0) -> 70 | W5: =IF(V5>=70,"Critique",IF(V5>=45,"Eleve",IF(V5>=25,"Moyen","Faible"))) -> Critique | X5: =IFERROR(P5/MAX(Q5,1),0) -> 1.3333333
A6: COMP-002 | B6: Soudure MIG/MAG aeronautique | C6: Procedes speciaux | D6: Soudure | E6: 4 | F6: 10 | G6: 4500 | H6: 4 | I6: AWS D17.1 | J6: 35000 | K6: Sous-traitance obligatoire | L6: =IFERROR(AVERAGEIF('04_MATRICE_SKILLS'!F:F,A6,'04_MATRICE_SKILLS'!I:I),0) -> 3.3 | M6: =COUNTIF('04_MATRICE_SKILLS'!F:F,A6) -> 10 | N6: =IF(E6="","",IF(E6>=5,"Critique",IF(E6>=4,"Eleve",IF(E6>=3,"Moyen","Faible")))) -> Eleve | O6: =COUNTIFS('04_MATRICE_SKILLS'!F:F,A6,'04_MATRICE_SKILLS'!I:I,">="&4) -> 5 | P6: =COUNTIFS('04_MATRICE_SKILLS'!F:F,A6,'04_MATRICE_SKILLS'!I:I,">="&3) -> 7 | Q6: =COUNTIF('05_GAP_ANALYSIS'!E:E,A6) -> 6 | R6: =P6-Q6 -> 1 | S6: =IF(AND(E6>=4,P6<'01_PARAMETRES'!$B$14),"Critique",IF(P6=0,"Alerte","Sous controle")) -> Sous controle | T6: =G6*MAX(1,Q6-P6) -> 4500 | U6: =H6*20 -> 80 | V6: =ROUND((E6*8)+(H6*6)+(MAX(0,Q6-P6)*10),0) -> 56 | W6: =IF(V6>=70,"Critique",IF(V6>=45,"Eleve",IF(V6>=25,"Moyen","Faible"))) -> Eleve | X6: =IFERROR(P6/MAX(Q6,1),0) -> 1.1666667
A7: COMP-003 | B7: Soudure faisceau electrons | C7: Procedes speciaux | D7: Soudure | E7: 5 | F7: 20 | G7: 12000 | H7: 5 | I7: AWS C7.1 | J7: 70000 | K7: Arret production pieces critiques | L7: =IFERROR(AVERAGEIF('04_MATRICE_SKILLS'!F:F,A7,'04_MATRICE_SKILLS'!I:I),0) -> 2.5 | M7: =COUNTIF('04_MATRICE_SKILLS'!F:F,A7) -> 2 | N7: =IF(E7="","",IF(E7>=5,"Critique",IF(E7>=4,"Eleve",IF(E7>=3,"Moyen","Faible")))) -> Critique | O7: =COUNTIFS('04_MATRICE_SKILLS'!F:F,A7,'04_MATRICE_SKILLS'!I:I,">="&4) -> 0 | P7: =COUNTIFS('04_MATRICE_SKILLS'!F:F,A7,'04_MATRICE_SKILLS'!I:I,">="&3) -> 1 | Q7: =COUNTIF('05_GAP_ANALYSIS'!E:E,A7) -> 0 | R7: =P7-Q7 -> 1 | S7: =IF(AND(E7>=4,P7<'01_PARAMETRES'!$B$14),"Critique",IF(P7=0,"Alerte","Sous controle")) -> Critique | T7: =G7*MAX(1,Q7-P7) -> 12000 | U7: =H7*20 -> 100 | V7: =ROUND((E7*8)+(H7*6)+(MAX(0,Q7-P7)*10),0) -> 70 | W7: =IF(V7>=70,"Critique",IF(V7>=45,"Eleve",IF(V7>=25,"Moyen","Faible"))) -> Critique | X7: =IFERROR(P7/MAX(Q7,1),0) -> 1
A8: COMP-004 | B8: Brasage aeronautique | C8: Procedes speciaux | D8: Brasage | E8: 4 | F8: 8 | G8: 3500 | H8: 4 | I8: AWS C3.6 / AMS 2675 | J8: 25000 | K8: Retard assemblage | L8: =IFERROR(AVERAGEIF('04_MATRICE_SKILLS'!F:F,A8,'04_MATRICE_SKILLS'!I:I),0) -> 2.7 | M8: =COUNTIF('04_MATRICE_SKILLS'!F:F,A8) -> 10 | N8: =IF(E8="","",IF(E8>=5,"Critique",IF(E8>=4,"Eleve",IF(E8>=3,"Moyen","Faible")))) -> Eleve | O8: =COUNTIFS('04_MATRICE_SKILLS'!F:F,A8,'04_MATRICE_SKILLS'!I:I,">="&4) -> 3 | P8: =COUNTIFS('04_MATRICE_SKILLS'!F:F,A8,'04_MATRICE_SKILLS'!I:I,">="&3) -> 5 | Q8: =COUNTIF('05_GAP_ANALYSIS'!E:E,A8) -> 3 | R8: =P8-Q8 -> 2 | S8: =IF(AND(E8>=4,P8<'01_PARAMETRES'!$B$14),"Critique",IF(P8=0,"Alerte","Sous controle")) -> Sous controle | T8: =G8*MAX(1,Q8-P8) -> 3500 | U8: =H8*20 -> 80 | V8: =ROUND((E8*8)+(H8*6)+(MAX(0,Q8-P8)*10),0) -> 56 | W8: =IF(V8>=70,"Critique",IF(V8>=45,"Eleve",IF(V8>=25,"Moyen","Faible"))) -> Eleve | X8: =IFERROR(P8/MAX(Q8,1),0) -> 1.6666667
A9: COMP-005 | B9: Ressuage PT Niveau 2 | C9: CND/NDT | D9: Ressuage | E9: 4 | F9: 10 | G9: 4000 | H9: 3 | I9: NAS 410 / EN 4179 | J9: 28000 | K9: Liberation pieces bloquee | L9: =IFERROR(AVERAGEIF('04_MATRICE_SKILLS'!F:F,A9,'04_MATRICE_SKILLS'!I:I),0) -> 3.1578947 | M9: =COUNTIF('04_MATRICE_SKILLS'!F:F,A9) -> 19 | N9: =IF(E9="","",IF(E9>=5,"Critique",IF(E9>=4,"Eleve",IF(E9>=3,"Moyen","Faible")))) -> Eleve | O9: =COUNTIFS('04_MATRICE_SKILLS'!F:F,A9,'04_MATRICE_SKILLS'!I:I,">="&4) -> 9 | P9: =COUNTIFS('04_MATRICE_SKILLS'!F:F,A9,'04_MATRICE_SKILLS'!I:I,">="&3) -> 13 | Q9: =COUNTIF('05_GAP_ANALYSIS'!E:E,A9) -> 15 | R9: =P9-Q9 -> -2 | S9: =IF(AND(E9>=4,P9<'01_PARAMETRES'!$B$14),"Critique",IF(P9=0,"Alerte","Sous controle")) -> Sous controle | T9: =G9*MAX(1,Q9-P9) -> 8000 | U9: =H9*20 -> 60 | V9: =ROUND((E9*8)+(H9*6)+(MAX(0,Q9-P9)*10),0) -> 70 | W9: =IF(V9>=70,"Critique",IF(V9>=45,"Eleve",IF(V9>=25,"Moyen","Faible"))) -> Critique | X9: =IFERROR(P9/MAX(Q9,1),0) -> 0.86666667
A10: COMP-006 | B10: Magnetoscopie MT Niveau 2 | C10: CND/NDT | D10: Magnetoscopie | E10: 4 | F10: 10 | G10: 4000 | H10: 3 | I10: NAS 410 / EN 4179 | J10: 28000 | K10: Liberation pieces bloquee | L10: =IFERROR(AVERAGEIF('04_MATRICE_SKILLS'!F:F,A10,'04_MATRICE_SKILLS'!I:I),0) -> 3.4166667 | M10: =COUNTIF('04_MATRICE_SKILLS'!F:F,A10) -> 12 | N10: =IF(E10="","",IF(E10>=5,"Critique",IF(E10>=4,"Eleve",IF(E10>=3,"Moyen","Faible")))) -> Eleve | O10: =COUNTIFS('04_MATRICE_SKILLS'!F:F,A10,'04_MATRICE_SKILLS'!I:I,">="&4) -> 6 | P10: =COUNTIFS('04_MATRICE_SKILLS'!F:F,A10,'04_MATRICE_SKILLS'!I:I,">="&3) -> 8 | Q10: =COUNTIF('05_GAP_ANALYSIS'!E:E,A10) -> 9 | R10: =P10-Q10 -> -1 | S10: =IF(AND(E10>=4,P10<'01_PARAMETRES'!$B$14),"Critique",IF(P10=0,"Alerte","Sous controle")) -> Sous controle | T10: =G10*MAX(1,Q10-P10) -> 4000 | U10: =H10*20 -> 60 | V10: =ROUND((E10*8)+(H10*6)+(MAX(0,Q10-P10)*10),0) -> 60 | W10: =IF(V10>=70,"Critique",IF(V10>=45,"Eleve",IF(V10>=25,"Moyen","Faible"))) -> Eleve | X10: =IFERROR(P10/MAX(Q10,1),0) -> 0.88888889
A11: COMP-007 | B11: Ultrasons UT Niveau 2 | C11: CND/NDT | D11: Ultrasons | E11: 5 | F11: 15 | G11: 5500 | H11: 4 | I11: NAS 410 / EN 4179 | J11: 42000 | K11: Arret controle pieces forgees | L11: =IFERROR(AVERAGEIF('04_MATRICE_SKILLS'!F:F,A11,'04_MATRICE_SKILLS'!I:I),0) -> 3.625 | M11: =COUNTIF('04_MATRICE_SKILLS'!F:F,A11) -> 8 | N11: =IF(E11="","",IF(E11>=5,"Critique",IF(E11>=4,"Eleve",IF(E11>=3,"Moyen","Faible")))) -> Critique | O11: =COUNTIFS('04_MATRICE_SKILLS'!F:F,A11,'04_MATRICE_SKILLS'!I:I,">="&4) -> 4 | P11: =COUNTIFS('04_MATRICE_SKILLS'!F:F,A11,'04_MATRICE_SKILLS'!I:I,">="&3) -> 7 | Q11: =COUNTIF('05_GAP_ANALYSIS'!E:E,A11) -> 6 | R11: =P11-Q11 -> 1 | S11: =IF(AND(E11>=4,P11<'01_PARAMETRES'!$B$14),"Critique",IF(P11=0,"Alerte","Sous controle")) -> Sous controle | T11: =G11*MAX(1,Q11-P11) -> 5500 | U11: =H11*20 -> 80 | V11: =ROUND((E11*8)+(H11*6)+(MAX(0,Q11-P11)*10),0) -> 64 | W11: =IF(V11>=70,"Critique",IF(V11>=45,"Eleve",IF(V11>=25,"Moyen","Faible"))) -> Eleve | X11: =IFERROR(P11/MAX(Q11,1),0) -> 1.1666667
A12: COMP-008 | B12: Radiographie RT Niveau 2 | C12: CND/NDT | D12: Radiographie | E12: 5 | F12: 15 | G12: 6000 | H12: 5 | I12: NAS 410 / EN 4179 | J12: 42000 | K12: Arret controle soudures | L12: =IFERROR(AVERAGEIF('04_MATRICE_SKILLS'!F:F,A12,'04_MATRICE_SKILLS'!I:I),0) -> 2.5384615 | M12: =COUNTIF('04_MATRICE_SKILLS'!F:F,A12) -> 13 | N12: =IF(E12="","",IF(E12>=5,"Critique",IF(E12>=4,"Eleve",IF(E12>=3,"Moyen","Faible")))) -> Critique | O12: =COUNTIFS('04_MATRICE_SKILLS'!F:F,A12,'04_MATRICE_SKILLS'!I:I,">="&4) -> 4 | P12: =COUNTIFS('04_MATRICE_SKILLS'!F:F,A12,'04_MATRICE_SKILLS'!I:I,">="&3) -> 6 | Q12: =COUNTIF('05_GAP_ANALYSIS'!E:E,A12) -> 6 | R12: =P12-Q12 -> 0 | S12: =IF(AND(E12>=4,P12<'01_PARAMETRES'!$B$14),"Critique",IF(P12=0,"Alerte","Sous controle")) -> Sous controle | T12: =G12*MAX(1,Q12-P12) -> 6000 | U12: =H12*20 -> 100 | V12: =ROUND((E12*8)+(H12*6)+(MAX(0,Q12-P12)*10),0) -> 70 | W12: =IF(V12>=70,"Critique",IF(V12>=45,"Eleve",IF(V12>=25,"Moyen","Faible"))) -> Critique | X12: =IFERROR(P12/MAX(Q12,1),0) -> 1
A13: COMP-009 | B13: Courants de Foucault ET N2 | C13: CND/NDT | D13: Foucault | E13: 4 | F13: 12 | G13: 5000 | H13: 4 | I13: NAS 410 / EN 4179 | J13: 30000 | K13: Controle surface degrade | L13: =IFERROR(AVERAGEIF('04_MATRICE_SKILLS'!F:F,A13,'04_MATRICE_SKILLS'!I:I),0) -> 2.75 | M13: =COUNTIF('04_MATRICE_SKILLS'!F:F,A13) -> 12 | N13: =IF(E13="","",IF(E13>=5,"Critique",IF(E13>=4,"Eleve",IF(E13>=3,"Moyen","Faible")))) -> Eleve | O13: =COUNTIFS('04_MATRICE_SKILLS'!F:F,A13,'04_MATRICE_SKILLS'!I:I,">="&4) -> 5 | P13: =COUNTIFS('04_MATRICE_SKILLS'!F:F,A13,'04_MATRICE_SKILLS'!I:I,">="&3) -> 6 | Q13: =COUNTIF('05_GAP_ANALYSIS'!E:E,A13) -> 6 | R13: =P13-Q13 -> 0 | S13: =IF(AND(E13>=4,P13<'01_PARAMETRES'!$B$14),"Critique",IF(P13=0,"Alerte","Sous controle")) -> Sous controle | T13: =G13*MAX(1,Q13-P13) -> 5000 | U13: =H13*20 -> 80 | V13: =ROUND((E13*8)+(H13*6)+(MAX(0,Q13-P13)*10),0) -> 56 | W13: =IF(V13>=70,"Critique",IF(V13>=45,"Eleve",IF(V13>=25,"Moyen","Faible"))) -> Eleve | X13: =IFERROR(P13/MAX(Q13,1),0) -> 1
A14: COMP-010 | B14: Usinage CN 3 axes | C14: Usinage & fabrication | D14: Usinage | E14: 3 | F14: 10 | G14: 3000 | H14: 2 | I14: Interne | J14: 18000 | K14: Reaffectation possible | L14: =IFERROR(AVERAGEIF('04_MATRICE_SKILLS'!F:F,A14,'04_MATRICE_SKILLS'!I:I),0) -> 3.6153846 | M14: =COUNTIF('04_MATRICE_SKILLS'!F:F,A14) -> 13 | N14: =IF(E14="","",IF(E14>=5,"Critique",IF(E14>=4,"Eleve",IF(E14>=3,"Moyen","Faible")))) -> Moyen | O14: =COUNTIFS('04_MATRICE_SKILLS'!F:F,A14,'04_MATRICE_SKILLS'!I:I,">="&4) -> 6 | P14: =COUNTIFS('04_MATRICE_SKILLS'!F:F,A14,'04_MATRICE_SKILLS'!I:I,">="&3) -> 12 | Q14: =COUNTIF('05_GAP_ANALYSIS'!E:E,A14) -> 12 | R14: =P14-Q14 -> 0 | S14: =IF(AND(E14>=4,P14<'01_PARAMETRES'!$B$14),"Critique",IF(P14=0,"Alerte","Sous controle")) -> Sous controle | T14: =G14*MAX(1,Q14-P14) -> 3000 | U14: =H14*20 -> 40 | V14: =ROUND((E14*8)+(H14*6)+(MAX(0,Q14-P14)*10),0) -> 36 | W14: =IF(V14>=70,"Critique",IF(V14>=45,"Eleve",IF(V14>=25,"Moyen","Faible"))) -> Moyen | X14: =IFERROR(P14/MAX(Q14,1),0) -> 1
A15: COMP-011 | B15: Usinage CN 5 axes | C15: Usinage & fabrication | D15: Usinage | E15: 5 | F15: 20 | G15: 8000 | H15: 5 | I15: Interne | J15: 60000 | K15: Arret production pieces complexes | L15: =IFERROR(AVERAGEIF('04_MATRICE_SKILLS'!F:F,A15,'04_MATRICE_SKILLS'!I:I),0) -> 3.2 | M15: =COUNTIF('04_MATRICE_SKILLS'!F:F,A15) -> 10 | N15: =IF(E15="","",IF(E15>=5,"Critique",IF(E15>=4,"Eleve",IF(E15>=3,"Moyen","Faible")))) -> Critique | O15: =COUNTIFS('04_MATRICE_SKILLS'!F:F,A15,'04_MATRICE_SKILLS'!I:I,">="&4) -> 4 | P15: =COUNTIFS('04_MATRICE_SKILLS'!F:F,A15,'04_MATRICE_SKILLS'!I:I,">="&3) -> 7 | Q15: =COUNTIF('05_GAP_ANALYSIS'!E:E,A15) -> 9 | R15: =P15-Q15 -> -2 | S15: =IF(AND(E15>=4,P15<'01_PARAMETRES'!$B$14),"Critique",IF(P15=0,"Alerte","Sous controle")) -> Sous controle | T15: =G15*MAX(1,Q15-P15) -> 16000 | U15: =H15*20 -> 100 | V15: =ROUND((E15*8)+(H15*6)+(MAX(0,Q15-P15)*10),0) -> 90 | W15: =IF(V15>=70,"Critique",IF(V15>=45,"Eleve",IF(V15>=25,"Moyen","Faible"))) -> Critique | X15: =IFERROR(P15/MAX(Q15,1),0) -> 0.77777778
A16: COMP-012 | B16: Tournage CN | C16: Usinage & fabrication | D16: Tournage | E16: 3 | F16: 8 | G16: 2500 | H16: 2 | I16: Interne | J16: 15000 | K16: Reaffectation possible | L16: =IFERROR(AVERAGEIF('04_MATRICE_SKILLS'!F:F,A16,'04_MATRICE_SKILLS'!I:I),0) -> 2.8461538 | M16: =COUNTIF('04_MATRICE_SKILLS'!F:F,A16) -> 13 | N16: =IF(E16="","",IF(E16>=5,"Critique",IF(E16>=4,"Eleve",IF(E16>=3,"Moyen","Faible")))) -> Moyen | O16: =COUNTIFS('04_MATRICE_SKILLS'!F:F,A16,'04_MATRICE_SKILLS'!I:I,">="&4) -> 4 | P16: =COUNTIFS('04_MATRICE_SKILLS'!F:F,A16,'04_MATRICE_SKILLS'!I:I,">="&3) -> 6 | Q16: =COUNTIF('05_GAP_ANALYSIS'!E:E,A16) -> 6 | R16: =P16-Q16 -> 0 | S16: =IF(AND(E16>=4,P16<'01_PARAMETRES'!$B$14),"Critique",IF(P16=0,"Alerte","Sous controle")) -> Sous controle | T16: =G16*MAX(1,Q16-P16) -> 2500 | U16: =H16*20 -> 40 | V16: =ROUND((E16*8)+(H16*6)+(MAX(0,Q16-P16)*10),0) -> 36 | W16: =IF(V16>=70,"Critique",IF(V16>=45,"Eleve",IF(V16>=25,"Moyen","Faible"))) -> Moyen | X16: =IFERROR(P16/MAX(Q16,1),0) -> 1
... A34: COMP-030 | B34: First Article Inspection FAI | C34: Qualite & methodes | D34: FAI | E34: 4 | F34: 3 | G34: 1200 | H34: 3 | I34: AS9102 | J34: 16000 | K34: Premiere piece non liberable | L34: =IFERROR(AVERAGEIF('04_MATRICE_SKILLS'!F:F,A34,'04_MATRICE_SKILLS'!I:I),0) -> 3.173913 | M34: =COUNTIF('04_MATRICE_SKILLS'!F:F,A34) -> 23 | N34: =IF(E34="","",IF(E34>=5,"Critique",IF(E34>=4,"Eleve",IF(E34>=3,"Moyen","Faible")))) -> Eleve | O34: =COUNTIFS('04_MATRICE_SKILLS'!F:F,A34,'04_MATRICE_SKILLS'!I:I,">="&4) -> 10 | P34: =COUNTIFS('04_MATRICE_SKILLS'!F:F,A34,'04_MATRICE_SKILLS'!I:I,">="&3) -> 16 | Q34: =COUNTIF('05_GAP_ANALYSIS'!E:E,A34) -> 21 | R34: =P34-Q34 -> -5 | S34: =IF(AND(E34>=4,P34<'01_PARAMETRES'!$B$14),"Critique",IF(P34=0,"Alerte","Sous controle")) -> Sous controle | T34: =G34*MAX(1,Q34-P34) -> 6000 | U34: =H34*20 -> 60 | V34: =ROUND((E34*8)+(H34*6)+(MAX(0,Q34-P34)*10),0) -> 100 | W34: =IF(V34>=70,"Critique",IF(V34>=45,"Eleve",IF(V34>=25,"Moyen","Faible"))) -> Critique | X34: =IFERROR(P34/MAX(Q34,1),0) -> 0.76190476

Sheet 03_ANNUAIRE
A1: Annuaire du personnel
A2: Population de reference reliee a la matrice des competences
A4: ID Employe | B4: Nom | C4: Prenom | D4: Site | E4: Business Unit | F4: Poste | G4: Categorie | H4: Date entree | I4: Manager ID | J4: Contrat | K4: Statut | L4: Anciennete | M4: Nb evals | N4: Niveau moyen | O4: Statut RH | P4: Nb competences qualifiees | Q4: Score polyvalence | R4: Taux couverture
A5: EMP-001 | B5: DUPONT | C5: Jean-Marc | D5: Villaroche (77) | E5: Production | F5: Soudeur TIG qualifie | G5: Operateur | H5: 43862 | J5: CDI | K5: Actif | L5: =DATEDIF(H5,TODAY(),"Y") -> 6 | M5: =COUNTIF('04_MATRICE_SKILLS'!B:B,A5) -> 10 | N5: =IFERROR(AVERAGEIF('04_MATRICE_SKILLS'!B:B,A5,'04_MATRICE_SKILLS'!I:I),0) -> 1.9 | O5: =IF(K5<>"Actif","Inactif",IF(N5<2,"Sous-qualifie",IF(Q5<0.6,"Polyvalence faible","OK"))) -> Sous-qualifie | P5: =COUNTIFS('04_MATRICE_SKILLS'!B:B,A5,'04_MATRICE_SKILLS'!I:I,">="&3) -> 4 | Q5: =IFERROR(P5/'01_PARAMETRES'!$B$15,0) -> 0.8 | R5: =IFERROR(COUNTIFS('04_MATRICE_SKILLS'!B:B,A5,'04_MATRICE_SKILLS'!L:L,"Conforme")/MAX(M5,1),0) -> 0.4
A6: EMP-002 | B6: MARTIN | C6: Pierre | D6: Gennevilliers (92) | E6: Production | F6: Soudeur polyvalent | G6: Operateur | H6: 41369 | I6: EMP-001 | J6: CDI | K6: Actif | L6: =DATEDIF(H6,TODAY(),"Y") -> 12 | M6: =COUNTIF('04_MATRICE_SKILLS'!B:B,A6) -> 7 | N6: =IFERROR(AVERAGEIF('04_MATRICE_SKILLS'!B:B,A6,'04_MATRICE_SKILLS'!I:I),0) -> 3.4285714 | O6: =IF(K6<>"Actif","Inactif",IF(N6<2,"Sous-qualifie",IF(Q6<0.6,"Polyvalence faible","OK"))) -> OK | P6: =COUNTIFS('04_MATRICE_SKILLS'!B:B,A6,'04_MATRICE_SKILLS'!I:I,">="&3) -> 5 | Q6: =IFERROR(P6/'01_PARAMETRES'!$B$15,0) -> 1 | R6: =IFERROR(COUNTIFS('04_MATRICE_SKILLS'!B:B,A6,'04_MATRICE_SKILLS'!L:L,"Conforme")/MAX(M6,1),0) -> 0.71428571
A7: EMP-003 | B7: BERNARD | C7: Thomas | D7: Chatellerault (86) | E7: Qualite | F7: Operateur CND Niveau 2 | G7: Technicien | H7: 44183 | I7: EMP-001 | J7: CDI | K7: Actif | L7: =DATEDIF(H7,TODAY(),"Y") -> 5 | M7: =COUNTIF('04_MATRICE_SKILLS'!B:B,A7) -> 8 | N7: =IFERROR(AVERAGEIF('04_MATRICE_SKILLS'!B:B,A7,'04_MATRICE_SKILLS'!I:I),0) -> 3.125 | O7: =IF(K7<>"Actif","Inactif",IF(N7<2,"Sous-qualifie",IF(Q7<0.6,"Polyvalence faible","OK"))) -> OK | P7: =COUNTIFS('04_MATRICE_SKILLS'!B:B,A7,'04_MATRICE_SKILLS'!I:I,">="&3) -> 6 | Q7: =IFERROR(P7/'01_PARAMETRES'!$B$15,0) -> 1.2 | R7: =IFERROR(COUNTIFS('04_MATRICE_SKILLS'!B:B,A7,'04_MATRICE_SKILLS'!L:L,"Conforme")/MAX(M7,1),0) -> 0.375
A8: EMP-004 | B8: PETIT | C8: Nicolas | D8: Bordes (64) | E8: Qualite | F8: Operateur CND Niveau 3 | G8: Technicien | H8: 43648 | I8: EMP-001 | J8: CDI | K8: Actif | L8: =DATEDIF(H8,TODAY(),"Y") -> 6 | M8: =COUNTIF('04_MATRICE_SKILLS'!B:B,A8) -> 8 | N8: =IFERROR(AVERAGEIF('04_MATRICE_SKILLS'!B:B,A8,'04_MATRICE_SKILLS'!I:I),0) -> 4.125 | O8: =IF(K8<>"Actif","Inactif",IF(N8<2,"Sous-qualifie",IF(Q8<0.6,"Polyvalence faible","OK"))) -> OK | P8: =COUNTIFS('04_MATRICE_SKILLS'!B:B,A8,'04_MATRICE_SKILLS'!I:I,">="&3) -> 8 | Q8: =IFERROR(P8/'01_PARAMETRES'!$B$15,0) -> 1.6 | R8: =IFERROR(COUNTIFS('04_MATRICE_SKILLS'!B:B,A8,'04_MATRICE_SKILLS'!L:L,"Conforme")/MAX(M8,1),0) -> 0.75
A9: EMP-005 | B9: ROBERT | C9: Julien | D9: Istres (13) | E9: Production | F9: Operateur usinage CN 5 axes | G9: Operateur | H9: 40641 | I9: EMP-001 | J9: CDD | K9: Actif | L9: =DATEDIF(H9,TODAY(),"Y") -> 14 | M9: =COUNTIF('04_MATRICE_SKILLS'!B:B,A9) -> 7 | N9: =IFERROR(AVERAGEIF('04_MATRICE_SKILLS'!B:B,A9,'04_MATRICE_SKILLS'!I:I),0) -> 3.1428571 | O9: =IF(K9<>"Actif","Inactif",IF(N9<2,"Sous-qualifie",IF(Q9<0.6,"Polyvalence faible","OK"))) -> OK | P9: =COUNTIFS('04_MATRICE_SKILLS'!B:B,A9,'04_MATRICE_SKILLS'!I:I,">="&3) -> 5 | Q9: =IFERROR(P9/'01_PARAMETRES'!$B$15,0) -> 1 | R9: =IFERROR(COUNTIFS('04_MATRICE_SKILLS'!B:B,A9,'04_MATRICE_SKILLS'!L:L,"Conforme")/MAX(M9,1),0) -> 0.71428571
A10: EMP-006 | B10: RICHARD | C10: Antoine | D10: Villaroche (77) | E10: Production | F10: Operateur usinage CN 3 axes | G10: Operateur | H10: 43483 | I10: EMP-006 | J10: CDI | K10: Actif | L10: =DATEDIF(H10,TODAY(),"Y") -> 7 | M10: =COUNTIF('04_MATRICE_SKILLS'!B:B,A10) -> 7 | N10: =IFERROR(AVERAGEIF('04_MATRICE_SKILLS'!B:B,A10,'04_MATRICE_SKILLS'!I:I),0) -> 2.2857143 | O10: =IF(K10<>"Actif","Inactif",IF(N10<2,"Sous-qualifie",IF(Q10<0.6,"Polyvalence faible","OK"))) -> Polyvalence faible | P10: =COUNTIFS('04_MATRICE_SKILLS'!B:B,A10,'04_MATRICE_SKILLS'!I:I,">="&3) -> 2 | Q10: =IFERROR(P10/'01_PARAMETRES'!$B$15,0) -> 0.4 | R10: =IFERROR(COUNTIFS('04_MATRICE_SKILLS'!B:B,A10,'04_MATRICE_SKILLS'!L:L,"Conforme")/MAX(M10,1),0) -> 0.28571429
A11: EMP-007 | B11: DURAND | C11: Sebastien | D11: Gennevilliers (92) | E11: Production | F11: Technicien traitement thermique | G11: Technicien | H11: 44523 | I11: EMP-006 | J11: CDD | K11: Actif | L11: =DATEDIF(H11,TODAY(),"Y") -> 4 | M11: =COUNTIF('04_MATRICE_SKILLS'!B:B,A11) -> 9 | N11: =IFERROR(AVERAGEIF('04_MATRICE_SKILLS'!B:B,A11,'04_MATRICE_SKILLS'!I:I),0) -> 2 | O11: =IF(K11<>"Actif","Inactif",IF(N11<2,"Sous-qualifie",IF(Q11<0.6,"Polyvalence faible","OK"))) -> OK | P11: =COUNTIFS('04_MATRICE_SKILLS'!B:B,A11,'04_MATRICE_SKILLS'!I:I,">="&3) -> 3 | Q11: =IFERROR(P11/'01_PARAMETRES'!$B$15,0) -> 0.6 | R11: =IFERROR(COUNTIFS('04_MATRICE_SKILLS'!B:B,A11,'04_MATRICE_SKILLS'!L:L,"Conforme")/MAX(M11,1),0) -> 0.44444444
A12: EMP-008 | B12: MOREAU | C12: Francois | D12: Chatellerault (86) | E12: Production | F12: Technicien traitement surface | G12: Technicien | H12: 42475 | I12: EMP-006 | J12: Interimaire | K12: Actif | L12: =DATEDIF(H12,TODAY(),"Y") -> 9 | M12: =COUNTIF('04_MATRICE_SKILLS'!B:B,A12) -> 6 | N12: =IFERROR(AVERAGEIF('04_MATRICE_SKILLS'!B:B,A12,'04_MATRICE_SKILLS'!I:I),0) -> 2.6666667 | O12: =IF(K12<>"Actif","Inactif",IF(N12<2,"Sous-qualifie",IF(Q12<0.6,"Polyvalence faible","OK"))) -> OK | P12: =COUNTIFS('04_MATRICE_SKILLS'!B:B,A12,'04_MATRICE_SKILLS'!I:I,">="&3) -> 3 | Q12: =IFERROR(P12/'01_PARAMETRES'!$B$15,0) -> 0.6 | R12: =IFERROR(COUNTIFS('04_MATRICE_SKILLS'!B:B,A12,'04_MATRICE_SKILLS'!L:L,"Conforme")/MAX(M12,1),0) -> 0.5
A13: EMP-009 | B13: LAURENT | C13: Christophe | D13: Bordes (64) | E13: Bureau d'etudes | F13: Ingenieur conception CATIA | G13: Ingenieur | H13: 41664 | I13: EMP-006 | J13: CDI | K13: Actif | L13: =DATEDIF(H13,TODAY(),"Y") -> 12 | M13: =COUNTIF('04_MATRICE_SKILLS'!B:B,A13) -> 8 | N13: =IFERROR(AVERAGEIF('04_MATRICE_SKILLS'!B:B,A13,'04_MATRICE_SKILLS'!I:I),0) -> 3.125 | O13: =IF(K13<>"Actif","Inactif",IF(N13<2,"Sous-qualifie",IF(Q13<0.6,"Polyvalence faible","OK"))) -> OK | P13: =COUNTIFS('04_MATRICE_SKILLS'!B:B,A13,'04_MATRICE_SKILLS'!I:I,">="&3) -> 5 | Q13: =IFERROR(P13/'01_PARAMETRES'!$B$15,0) -> 1 | R13: =IFERROR(COUNTIFS('04_MATRICE_SKILLS'!B:B,A13,'04_MATRICE_SKILLS'!L:L,"Conforme")/MAX(M13,1),0) -> 0.625
A14: EMP-010 | B14: SIMON | C14: Laurent | D14: Istres (13) | E14: Bureau d'etudes | F14: Ingenieur calcul structures | G14: Ingenieur | H14: 44388 | I14: EMP-006 | J14: CDI | K14: Actif | L14: =DATEDIF(H14,TODAY(),"Y") -> 4 | M14: =COUNTIF('04_MATRICE_SKILLS'!B:B,A14) -> 5 | N14: =IFERROR(AVERAGEIF('04_MATRICE_SKILLS'!B:B,A14,'04_MATRICE_SKILLS'!I:I),0) -> 4.4 | O14: =IF(K14<>"Actif","Inactif",IF(N14<2,"Sous-qualifie",IF(Q14<0.6,"Polyvalence faible","OK"))) -> OK | P14: =COUNTIFS('04_MATRICE_SKILLS'!B:B,A14,'04_MATRICE_SKILLS'!I:I,">="&3) -> 5 | Q14: =IFERROR(P14/'01_PARAMETRES'!$B$15,0) -> 1 | R14: =IFERROR(COUNTIFS('04_MATRICE_SKILLS'!B:B,A14,'04_MATRICE_SKILLS'!L:L,"Conforme")/MAX(M14,1),0) -> 1
A15: EMP-011 | B15: MICHEL | C15: Mathieu | D15: Villaroche (77) | E15: Qualite | F15: Responsable qualite PART 21 | G15: Cadre | H15: 41024 | I15: EMP-011 | J15: CDI | K15: Actif | L15: =DATEDIF(H15,TODAY(),"Y") -> 13 | M15: =COUNTIF('04_MATRICE_SKILLS'!B:B,A15) -> 10 | N15: =IFERROR(AVERAGEIF('04_MATRICE_SKILLS'!B:B,A15,'04_MATRICE_SKILLS'!I:I),0) -> 3.3 | O15: =IF(K15<>"Actif","Inactif",IF(N15<2,"Sous-qualifie",IF(Q15<0.6,"Polyvalence faible","OK"))) -> OK | P15: =COUNTIFS('04_MATRICE_SKILLS'!B:B,A15,'04_MATRICE_SKILLS'!I:I,">="&3) -> 6 | Q15: =IFERROR(P15/'01_PARAMETRES'!$B$15,0) -> 1.2 | R15: =IFERROR(COUNTIFS('04_MATRICE_SKILLS'!B:B,A15,'04_MATRICE_SKILLS'!L:L,"Conforme")/MAX(M15,1),0) -> 0.6
A16: EMP-012 | B16: LEFEVRE | C16: David | D16: Gennevilliers (92) | E16: Qualite | F16: Auditeur interne EN 9100 | G16: Cadre | H16: 40587 | I16: EMP-011 | J16: CDI | K16: Actif | L16: =DATEDIF(H16,TODAY(),"Y") -> 15 | M16: =COUNTIF('04_MATRICE_SKILLS'!B:B,A16) -> 9 | N16: =IFERROR(AVERAGEIF('04_MATRICE_SKILLS'!B:B,A16,'04_MATRICE_SKILLS'!I:I),0) -> 3.1111111 | O16: =IF(K16<>"Actif","Inactif",IF(N16<2,"Sous-qualifie",IF(Q16<0.6,"Polyvalence faible","OK"))) -> OK | P16: =COUNTIFS('04_MATRICE_SKILLS'!B:B,A16,'04_MATRICE_SKILLS'!I:I,">="&3) -> 6 | Q16: =IFERROR(P16/'01_PARAMETRES'!$B$15,0) -> 1.2 | R16: =IFERROR(COUNTIFS('04_MATRICE_SKILLS'!B:B,A16,'04_MATRICE_SKILLS'!L:L,"Conforme")/MAX(M16,1),0) -> 0.55555556
A17: EMP-013 | B17: LEROY | C17: Philippe | D17: Chatellerault (86) | E17: Production | F17: Chef d'atelier production | G17: Manager | H17: 42175 | I17: EMP-011 | J17: CDI | K17: Actif | L17: =DATEDIF(H17,TODAY(),"Y") -> 10 | M17: =COUNTIF('04_MATRICE_SKILLS'!B:B,A17) -> 9 | N17: =IFERROR(AVERAGEIF('04_MATRICE_SKILLS'!B:B,A17,'04_MATRICE_SKILLS'!I:I),0) -> 3.2222222 | O17: =IF(K17<>"Actif","Inactif",IF(N17<2,"Sous-qualifie",IF(Q17<0.6,"Polyvalence faible","OK"))) -> OK | P17: =COUNTIFS('04_MATRICE_SKILLS'!B:B,A17,'04_MATRICE_SKILLS'!I:I,">="&3) -> 7 | Q17: =IFERROR(P17/'01_PARAMETRES'!$B$15,0) -> 1.4 | R17: =IFERROR(COUNTIFS('04_MATRICE_SKILLS'!B:B,A17,'04_MATRICE_SKILLS'!L:L,"Conforme")/MAX(M17,1),0) -> 0.66666667
... A64: EMP-060 | B64: PERRIN | C64: Melanie | D64: Istres (13) | E64: Supply Chain | F64: Coordinateur Supply Chain | G64: Cadre | H64: 42993 | I64: EMP-056 | J64: CDI | K64: Actif | L64: =DATEDIF(H64,TODAY(),"Y") -> 8 | M64: =COUNTIF('04_MATRICE_SKILLS'!B:B,A64) -> 6 | N64: =IFERROR(AVERAGEIF('04_MATRICE_SKILLS'!B:B,A64,'04_MATRICE_SKILLS'!I:I),0) -> 2.8333333 | O64: =IF(K64<>"Actif","Inactif",IF(N64<2,"Sous-qualifie",IF(Q64<0.6,"Polyvalence faible","OK"))) -> OK | P64: =COUNTIFS('04_MATRICE_SKILLS'!B:B,A64,'04_MATRICE_SKILLS'!I:I,">="&3) -> 4 | Q64: =IFERROR(P64/'01_PARAMETRES'!$B$15,0) -> 0.8 | R64: =IFERROR(COUNTIFS('04_MATRICE_SKILLS'!B:B,A64,'04_MATRICE_SKILLS'!L:L,"Conforme")/MAX(M64,1),0) -> 0.66666667

Sheet 04_MATRICE_SKILLS
A1: Matrice des competences
A2: Population x competence avec niveaux reels et requis
A4: ID Ligne | B4: ID Employe | C4: Nom employe | D4: Site | E4: Poste | F4: ID Competence | G4: Categorie | H4: Criticite | I4: Niveau reel | J4: Niveau requis | K4: Gap | L4: Statut | M4: Source | N4: Date eval. | O4: Commentaire
A5: MAT-0001 | B5: EMP-001 | C5: DUPONT Jean-Marc | D5: Villaroche (77) | E5: Soudeur TIG qualifie | F5: COMP-001 | G5: Procedes speciaux | H5: Critique | I5: 3 | J5: 4 | K5: =IF(J5="","",I5-J5) -> -1 | L5: =IF(J5="","Bonus",IF(K5>=0,"Conforme",IF(K5=-1,"Ecart mineur","Ecart critique"))) -> Ecart mineur | M5: test | N5: 46072
A6: MAT-0002 | B6: EMP-001 | C6: DUPONT Jean-Marc | D6: Villaroche (77) | E6: Soudeur TIG qualifie | F6: COMP-002 | G6: Procedes speciaux | H6: Eleve | I6: 3 | J6: 3 | K6: =IF(J6="","",I6-J6) -> 0 | L6: =IF(J6="","Bonus",IF(K6>=0,"Conforme",IF(K6=-1,"Ecart mineur","Ecart critique"))) -> Conforme | M6: manager | N6: 45959
A7: MAT-0003 | B7: EMP-001 | C7: DUPONT Jean-Marc | D7: Villaroche (77) | E7: Soudeur TIG qualifie | F7: COMP-005 | G7: CND/NDT | H7: Eleve | I7: 1 | J7: 2 | K7: =IF(J7="","",I7-J7) -> -1 | L7: =IF(J7="","Bonus",IF(K7>=0,"Conforme",IF(K7=-1,"Ecart mineur","Ecart critique"))) -> Ecart mineur | M7: auto-eval | N7: 45782
A8: MAT-0004 | B8: EMP-001 | C8: DUPONT Jean-Marc | D8: Villaroche (77) | E8: Soudeur TIG qualifie | F8: COMP-006 | G8: CND/NDT | H8: Eleve | I8: 1 | K8: =IF(J8="","",I8-J8) | L8: =IF(J8="","Bonus",IF(K8>=0,"Conforme",IF(K8=-1,"Ecart mineur","Ecart critique"))) -> Bonus | M8: manager | N8: 45973
A9: MAT-0005 | B9: EMP-001 | C9: DUPONT Jean-Marc | D9: Villaroche (77) | E9: Soudeur TIG qualifie | F9: COMP-008 | G9: CND/NDT | H9: Critique | I9: 1 | K9: =IF(J9="","",I9-J9) | L9: =IF(J9="","Bonus",IF(K9>=0,"Conforme",IF(K9=-1,"Ecart mineur","Ecart critique"))) -> Bonus | M9: test | N9: 45752
A10: MAT-0006 | B10: EMP-001 | C10: DUPONT Jean-Marc | D10: Villaroche (77) | E10: Soudeur TIG qualifie | F10: COMP-013 | G10: Usinage & fabrication | H10: Eleve | I10: 1 | K10: =IF(J10="","",I10-J10) | L10: =IF(J10="","Bonus",IF(K10>=0,"Conforme",IF(K10=-1,"Ecart mineur","Ecart critique"))) -> Bonus | M10: auto-eval | N10: 45868
A11: MAT-0007 | B11: EMP-001 | C11: DUPONT Jean-Marc | D11: Villaroche (77) | E11: Soudeur TIG qualifie | F11: COMP-022 | G11: Bureau d'etudes | H11: Critique | I11: 2 | K11: =IF(J11="","",I11-J11) | L11: =IF(J11="","Bonus",IF(K11>=0,"Conforme",IF(K11=-1,"Ecart mineur","Ecart critique"))) -> Bonus | M11: manager | N11: 45810
A12: MAT-0008 | B12: EMP-001 | C12: DUPONT Jean-Marc | D12: Villaroche (77) | E12: Soudeur TIG qualifie | F12: COMP-024 | G12: Bureau d'etudes | H12: Eleve | I12: 3 | J12: 2 | K12: =IF(J12="","",I12-J12) -> 1 | L12: =IF(J12="","Bonus",IF(K12>=0,"Conforme",IF(K12=-1,"Ecart mineur","Ecart critique"))) -> Conforme | M12: test | N12: 46044
A13: MAT-0009 | B13: EMP-001 | C13: DUPONT Jean-Marc | D13: Villaroche (77) | E13: Soudeur TIG qualifie | F13: COMP-027 | G13: Qualite & methodes | H13: Eleve | I13: 3 | J13: 2 | K13: =IF(J13="","",I13-J13) -> 1 | L13: =IF(J13="","Bonus",IF(K13>=0,"Conforme",IF(K13=-1,"Ecart mineur","Ecart critique"))) -> Conforme | M13: manager | N13: 45789
A14: MAT-0010 | B14: EMP-001 | C14: DUPONT Jean-Marc | D14: Villaroche (77) | E14: Soudeur TIG qualifie | F14: COMP-028 | G14: Qualite & methodes | H14: Moyen | I14: 1 | J14: 1 | K14: =IF(J14="","",I14-J14) -> 0 | L14: =IF(J14="","Bonus",IF(K14>=0,"Conforme",IF(K14=-1,"Ecart mineur","Ecart critique"))) -> Conforme | M14: test | N14: 46061
A15: MAT-0011 | B15: EMP-002 | C15: MARTIN Pierre | D15: Gennevilliers (92) | E15: Soudeur polyvalent | F15: COMP-001 | G15: Procedes speciaux | H15: Critique | I15: 3 | J15: 3 | K15: =IF(J15="","",I15-J15) -> 0 | L15: =IF(J15="","Bonus",IF(K15>=0,"Conforme",IF(K15=-1,"Ecart mineur","Ecart critique"))) -> Conforme | M15: manager | N15: 45965
A16: MAT-0012 | B16: EMP-002 | C16: MARTIN Pierre | D16: Gennevilliers (92) | E16: Soudeur polyvalent | F16: COMP-002 | G16: Procedes speciaux | H16: Eleve | I16: 5 | J16: 4 | K16: =IF(J16="","",I16-J16) -> 1 | L16: =IF(J16="","Bonus",IF(K16>=0,"Conforme",IF(K16=-1,"Ecart mineur","Ecart critique"))) -> Conforme | M16: auto-eval | N16: 45942 | O16: Expertise cle
A17: MAT-0013 | B17: EMP-002 | C17: MARTIN Pierre | D17: Gennevilliers (92) | E17: Soudeur polyvalent | F17: COMP-004 | G17: Procedes speciaux | H17: Eleve | I17: 5 | J17: 3 | K17: =IF(J17="","",I17-J17) -> 2 | L17: =IF(J17="","Bonus",IF(K17>=0,"Conforme",IF(K17=-1,"Ecart mineur","Ecart critique"))) -> Conforme | M17: auto-eval | N17: 46001 | O17: Expertise cle
A18: MAT-0014 | B18: EMP-002 | C18: MARTIN Pierre | D18: Gennevilliers (92) | E18: Soudeur polyvalent | F18: COMP-005 | G18: CND/NDT | H18: Eleve | I18: 4 | J18: 2 | K18: =IF(J18="","",I18-J18) -> 2 | L18: =IF(J18="","Bonus",IF(K18>=0,"Conforme",IF(K18=-1,"Ecart mineur","Ecart critique"))) -> Conforme | M18: test | N18: 45977 | O18: Expertise cle
A19: MAT-0015 | B19: EMP-002 | C19: MARTIN Pierre | D19: Gennevilliers (92) | E19: Soudeur polyvalent | F19: COMP-021 | G19: Bureau d'etudes | H19: Moyen | I19: 2 | K19: =IF(J19="","",I19-J19) | L19: =IF(J19="","Bonus",IF(K19>=0,"Conforme",IF(K19=-1,"Ecart mineur","Ecart critique"))) -> Bonus | M19: auto-eval | N19: 45879
A20: MAT-0016 | B20: EMP-002 | C20: MARTIN Pierre | D20: Gennevilliers (92) | E20: Soudeur polyvalent | F20: COMP-022 | G20: Bureau d'etudes | H20: Critique | I20: 3 | K20: =IF(J20="","",I20-J20) | L20: =IF(J20="","Bonus",IF(K20>=0,"Conforme",IF(K20=-1,"Ecart mineur","Ecart critique"))) -> Bonus | M20: manager | N20: 45923
A21: MAT-0017 | B21: EMP-002 | C21: MARTIN Pierre | D21: Gennevilliers (92) | E21: Soudeur polyvalent | F21: COMP-028 | G21: Qualite & methodes | H21: Moyen | I21: 2 | J21: 1 | K21: =IF(J21="","",I21-J21) -> 1 | L21: =IF(J21="","Bonus",IF(K21>=0,"Conforme",IF(K21=-1,"Ecart mineur","Ecart critique"))) -> Conforme | M21: test | N21: 45797
A22: MAT-0018 | B22: EMP-003 | C22: BERNARD Thomas | D22: Chatellerault (86) | E22: Operateur CND Niveau 2 | F22: COMP-005 | G22: CND/NDT | H22: Eleve | I22: 5 | J22: 4 | K22: =IF(J22="","",I22-J22) -> 1 | L22: =IF(J22="","Bonus",IF(K22>=0,"Conforme",IF(K22=-1,"Ecart mineur","Ecart critique"))) -> Conforme | M22: manager | N22: 46038 | O22: Expertise cle
A23: MAT-0019 | B23: EMP-003 | C23: BERNARD Thomas | D23: Chatellerault (86) | E23: Operateur CND Niveau 2 | F23: COMP-006 | G23: CND/NDT | H23: Eleve | I23: 3 | J23: 4 | K23: =IF(J23="","",I23-J23) -> -1 | L23: =IF(J23="","Bonus",IF(K23>=0,"Conforme",IF(K23=-1,"Ecart mineur","Ecart critique"))) -> Ecart mineur | M23: test | N23: 46006
A24: MAT-0020 | B24: EMP-003 | C24: BERNARD Thomas | D24: Chatellerault (86) | E24: Operateur CND Niveau 2 | F24: COMP-007 | G24: CND/NDT | H24: Critique | I24: 3 | J24: 3 | K24: =IF(J24="","",I24-J24) -> 0 | L24: =IF(J24="","Bonus",IF(K24>=0,"Conforme",IF(K24=-1,"Ecart mineur","Ecart critique"))) -> Conforme | M24: test | N24: 45868
A25: MAT-0021 | B25: EMP-003 | C25: BERNARD Thomas | D25: Chatellerault (86) | E25: Operateur CND Niveau 2 | F25: COMP-008 | G25: CND/NDT | H25: Critique | I25: 2 | J25: 3 | K25: =IF(J25="","",I25-J25) -> -1 | L25: =IF(J25="","Bonus",IF(K25>=0,"Conforme",IF(K25=-1,"Ecart mineur","Ecart critique"))) -> Ecart mineur | M25: auto-eval | N25: 45887
A26: MAT-0022 | B26: EMP-003 | C26: BERNARD Thomas | D26: Chatellerault (86) | E26: Operateur CND Niveau 2 | F26: COMP-009 | G26: CND/NDT | H26: Eleve | I26: 5 | J26: 3 | K26: =IF(J26="","",I26-J26) -> 2 | L26: =IF(J26="","Bonus",IF(K26>=0,"Conforme",IF(K26=-1,"Ecart mineur","Ecart critique"))) -> Conforme | M26: auto-eval | N26: 45814 | O26: Expertise cle
A27: MAT-0023 | B27: EMP-003 | C27: BERNARD Thomas | D27: Chatellerault (86) | E27: Operateur CND Niveau 2 | F27: COMP-012 | G27: Usinage & fabrication | H27: Moyen | I27: 3 | K27: =IF(J27="","",I27-J27) | L27: =IF(J27="","Bonus",IF(K27>=0,"Conforme",IF(K27=-1,"Ecart mineur","Ecart critique"))) -> Bonus | M27: test | N27: 46026
A28: MAT-0024 | B28: EMP-003 | C28: BERNARD Thomas | D28: Chatellerault (86) | E28: Operateur CND Niveau 2 | F28: COMP-019 | G28: Traitements | H28: Critique | I28: 3 | K28: =IF(J28="","",I28-J28) | L28: =IF(J28="","Bonus",IF(K28>=0,"Conforme",IF(K28=-1,"Ecart mineur","Ecart critique"))) -> Bonus | M28: test | N28: 45950
A29: MAT-0025 | B29: EMP-003 | C29: BERNARD Thomas | D29: Chatellerault (86) | E29: Operateur CND Niveau 2 | F29: COMP-030 | G29: Qualite & methodes | H29: Eleve | I29: 1 | J29: 2 | K29: =IF(J29="","",I29-J29) -> -1 | L29: =IF(J29="","Bonus",IF(K29>=0,"Conforme",IF(K29=-1,"Ecart mineur","Ecart critique"))) -> Ecart mineur | M29: auto-eval | N29: 45778
A30: MAT-0026 | B30: EMP-004 | C30: PETIT Nicolas | D30: Bordes (64) | E30: Operateur CND Niveau 3 | F30: COMP-005 | G30: CND/NDT | H30: Eleve | I30: 5 | J30: 5 | K30: =IF(J30="","",I30-J30) -> 0 | L30: =IF(J30="","Bonus",IF(K30>=0,"Conforme",IF(K30=-1,"Ecart mineur","Ecart critique"))) -> Conforme | M30: manager | N30: 45962 | O30: Expertise cle
A31: MAT-0027 | B31: EMP-004 | C31: PETIT Nicolas | D31: Bordes (64) | E31: Operateur CND Niveau 3 | F31: COMP-006 | G31: CND/NDT | H31: Eleve | I31: 5 | J31: 5 | K31: =IF(J31="","",I31-J31) -> 0 | L31: =IF(J31="","Bonus",IF(K31>=0,"Conforme",IF(K31=-1,"Ecart mineur","Ecart critique"))) -> Conforme | M31: manager | N31: 45794 | O31: Expertise cle
A32: MAT-0028 | B32: EMP-004 | C32: PETIT Nicolas | D32: Bordes (64) | E32: Operateur CND Niveau 3 | F32: COMP-007 | G32: CND/NDT | H32: Critique | I32: 4 | J32: 5 | K32: =IF(J32="","",I32-J32) -> -1 | L32: =IF(J32="","Bonus",IF(K32>=0,"Conforme",IF(K32=-1,"Ecart mineur","Ecart critique"))) -> Ecart mineur | M32: manager | N32: 45836 | O32: Expertise cle
A33: MAT-0029 | B33: EMP-004 | C33: PETIT Nicolas | D33: Bordes (64) | E33: Operateur CND Niveau 3 | F33: COMP-008 | G33: CND/NDT | H33: Critique | I33: 4 | J33: 4 | K33: =IF(J33="","",I33-J33) -> 0 | L33: =IF(J33="","Bonus",IF(K33>=0,"Conforme",IF(K33=-1,"Ecart mineur","Ecart critique"))) -> Conforme | M33: test | N33: 46019 | O33: Expertise cle
A34: MAT-0030 | B34: EMP-004 | C34: PETIT Nicolas | D34: Bordes (64) | E34: Operateur CND Niveau 3 | F34: COMP-009 | G34: CND/NDT | H34: Eleve | I34: 5 | J34: 4 | K34: =IF(J34="","",I34-J34) -> 1 | L34: =IF(J34="","Bonus",IF(K34>=0,"Conforme",IF(K34=-1,"Ecart mineur","Ecart critique"))) -> Conforme | M34: manager | N34: 45803 | O34: Expertise cle
A35: MAT-0031 | B35: EMP-004 | C35: PETIT Nicolas | D35: Bordes (64) | E35: Operateur CND Niveau 3 | F35: COMP-026 | G35: Qualite & methodes | H35: Eleve | I35: 3 | J35: 3 | K35: =IF(J35="","",I35-J35) -> 0 | L35: =IF(J35="","Bonus",IF(K35>=0,"Conforme",IF(K35=-1,"Ecart mineur","Ecart critique"))) -> Conforme | M35: manager | N35: 45783
A36: MAT-0032 | B36: EMP-004 | C36: PETIT Nicolas | D36: Bordes (64) | E36: Operateur CND Niveau 3 | F36: COMP-027 | G36: Qualite & methodes | H36: Eleve | I36: 3 | K36: =IF(J36="","",I36-J36) | L36: =IF(J36="","Bonus",IF(K36>=0,"Conforme",IF(K36=-1,"Ecart mineur","Ecart critique"))) -> Bonus | M36: manager | N36: 45761
A37: MAT-0033 | B37: EMP-004 | C37: PETIT Nicolas | D37: Bordes (64) | E37: Operateur CND Niveau 3 | F37: COMP-030 | G37: Qualite & methodes | H37: Eleve | I37: 4 | J37: 3 | K37: =IF(J37="","",I37-J37) -> 1 | L37: =IF(J37="","Bonus",IF(K37>=0,"Conforme",IF(K37=-1,"Ecart mineur","Ecart critique"))) -> Conforme | M37: test | N37: 46048 | O37: Expertise cle
A38: MAT-0034 | B38: EMP-005 | C38: ROBERT Julien | D38: Istres (13) | E38: Operateur usinage CN 5 axes | F38: COMP-010 | G38: Usinage & fabrication | H38: Moyen | I38: 4 | J38: 3 | K38: =IF(J38="","",I38-J38) -> 1 | L38: =IF(J38="","Bonus",IF(K38>=0,"Conforme",IF(K38=-1,"Ecart mineur","Ecart critique"))) -> Conforme | M38: manager | N38: 46036 | O38: Expertise cle
A39: MAT-0035 | B39: EMP-005 | C39: ROBERT Julien | D39: Istres (13) | E39: Operateur usinage CN 5 axes | F39: COMP-011 | G39: Usinage & fabrication | H39: Critique | I39: 5 | J39: 4 | K39: =IF(J39="","",I39-J39) -> 1 | L39: =IF(J39="","Bonus",IF(K39>=0,"Conforme",IF(K39=-1,"Ecart mineur","Ecart critique"))) -> Conforme | M39: auto-eval | N39: 45903 | O39: Expertise cle
A40: MAT-0036 | B40: EMP-005 | C40: ROBERT Julien | D40: Istres (13) | E40: Operateur usinage CN 5 axes | F40: COMP-014 | G40: Usinage & fabrication | H40: Eleve | I40: 3 | K40: =IF(J40="","",I40-J40) | L40: =IF(J40="","Bonus",IF(K40>=0,"Conforme",IF(K40=-1,"Ecart mineur","Ecart critique"))) -> Bonus | M40: manager | N40: 45754
A41: MAT-0037 | B41: EMP-005 | C41: ROBERT Julien | D41: Istres (13) | E41: Operateur usinage CN 5 axes | F41: COMP-015 | G41: Usinage & fabrication | H41: Eleve | I41: 3 | J41: 3 | K41: =IF(J41="","",I41-J41) -> 0 | L41: =IF(J41="","Bonus",IF(K41>=0,"Conforme",IF(K41=-1,"Ecart mineur","Ecart critique"))) -> Conforme | M41: test | N41: 45878
A42: MAT-0038 | B42: EMP-005 | C42: ROBERT Julien | D42: Istres (13) | E42: Operateur usinage CN 5 axes | F42: COMP-024 | G42: Bureau d'etudes | H42: Eleve | I42: 2 | J42: 2 | K42: =IF(J42="","",I42-J42) -> 0 | L42: =IF(J42="","Bonus",IF(K42>=0,"Conforme",IF(K42=-1,"Ecart mineur","Ecart critique"))) -> Conforme | M42: test | N42: 45858
A43: MAT-0039 | B43: EMP-005 | C43: ROBERT Julien | D43: Istres (13) | E43: Operateur usinage CN 5 axes | F43: COMP-028 | G43: Qualite & methodes | H43: Moyen | I43: 1 | K43: =IF(J43="","",I43-J43) | L43: =IF(J43="","Bonus",IF(K43>=0,"Conforme",IF(K43=-1,"Ecart mineur","Ecart critique"))) -> Bonus | M43: manager | N43: 45963
A44: MAT-0040 | B44: EMP-005 | C44: ROBERT Julien | D44: Istres (13) | E44: Operateur usinage CN 5 axes | F44: COMP-029 | G44: Qualite & methodes | H44: Eleve | I44: 4 | J44: 2 | K44: =IF(J44="","",I44-J44) -> 2 | L44: =IF(J44="","Bonus",IF(K44>=0,"Conforme",IF(K44=-1,"Ecart mineur","Ecart critique"))) -> Conforme | M44: auto-eval | N44: 45836 | O44: Expertise cle
A45: MAT-0041 | B45: EMP-006 | C45: RICHARD Antoine | D45: Villaroche (77) | E45: Operateur usinage CN 3 axes | F45: COMP-002 | G45: Procedes speciaux | H45: Eleve | I45: 2 | K45: =IF(J45="","",I45-J45) | L45: =IF(J45="","Bonus",IF(K45>=0,"Conforme",IF(K45=-1,"Ecart mineur","Ecart critique"))) -> Bonus | M45: auto-eval | N45: 46083
A46: MAT-0042 | B46: EMP-006 | C46: RICHARD Antoine | D46: Villaroche (77) | E46: Operateur usinage CN 3 axes | F46: COMP-010 | G46: Usinage & fabrication | H46: Moyen | I46: 5 | J46: 4 | K46: =IF(J46="","",I46-J46) -> 1 | L46: =IF(J46="","Bonus",IF(K46>=0,"Conforme",IF(K46=-1,"Ecart mineur","Ecart critique"))) -> Conforme | M46: manager | N46: 46005 | O46: Expertise cle
A47: MAT-0043 | B47: EMP-006 | C47: RICHARD Antoine | D47: Villaroche (77) | E47: Operateur usinage CN 3 axes | F47: COMP-012 | G47: Usinage & fabrication | H47: Moyen | I47: 2 | J47: 3 | K47: =IF(J47="","",I47-J47) -> -1 | L47: =IF(J47="","Bonus",IF(K47>=0,"Conforme",IF(K47=-1,"Ecart mineur","Ecart critique"))) -> Ecart mineur | M47: test | N47: 45788
A48: MAT-0044 | B48: EMP-006 | C48: RICHARD Antoine | D48: Villaroche (77) | E48: Operateur usinage CN 3 axes | F48: COMP-015 | G48: Usinage & fabrication | H48: Eleve | I48: 1 | J48: 2 | K48: =IF(J48="","",I48-J48) -> -1 | L48: =IF(J48="","Bonus",IF(K48>=0,"Conforme",IF(K48=-1,"Ecart mineur","Ecart critique"))) -> Ecart mineur | M48: test | N48: 46059
A49: MAT-0045 | B49: EMP-006 | C49: RICHARD Antoine | D49: Villaroche (77) | E49: Operateur usinage CN 3 axes | F49: COMP-019 | G49: Traitements | H49: Critique | I49: 3 | K49: =IF(J49="","",I49-J49) | L49: =IF(J49="","Bonus",IF(K49>=0,"Conforme",IF(K49=-1,"Ecart mineur","Ecart critique"))) -> Bonus | M49: manager | N49: 46043
A50: MAT-0046 | B50: EMP-006 | C50: RICHARD Antoine | D50: Villaroche (77) | E50: Operateur usinage CN 3 axes | F50: COMP-020 | G50: Bureau d'etudes | H50: Eleve | I50: 1 | K50: =IF(J50="","",I50-J50) | L50: =IF(J50="","Bonus",IF(K50>=0,"Conforme",IF(K50=-1,"Ecart mineur","Ecart critique"))) -> Bonus | M50: auto-eval | N50: 45964
A51: MAT-0047 | B51: EMP-006 | C51: RICHARD Antoine | D51: Villaroche (77) | E51: Operateur usinage CN 3 axes | F51: COMP-029 | G51: Qualite & methodes | H51: Eleve | I51: 2 | J51: 2 | K51: =IF(J51="","",I51-J51) -> 0 | L51: =IF(J51="","Bonus",IF(K51>=0,"Conforme",IF(K51=-1,"Ecart mineur","Ecart critique"))) -> Conforme | M51: test | N51: 45980
A52: MAT-0048 | B52: EMP-007 | C52: DURAND Sebastien | D52: Gennevilliers (92) | E52: Technicien traitement thermique | F52: COMP-007 | G52: CND/NDT | H52: Critique | I52: 2 | K52: =IF(J52="","",I52-J52) | L52: =IF(J52="","Bonus",IF(K52>=0,"Conforme",IF(K52=-1,"Ecart mineur","Ecart critique"))) -> Bonus | M52: test | N52: 45766
A53: MAT-0049 | B53: EMP-007 | C53: DURAND Sebastien | D53: Gennevilliers (92) | E53: Technicien traitement thermique | F53: COMP-009 | G53: CND/NDT | H53: Eleve | I53: 1 | K53: =IF(J53="","",I53-J53) | L53: =IF(J53="","Bonus",IF(K53>=0,"Conforme",IF(K53=-1,"Ecart mineur","Ecart critique"))) -> Bonus | M53: auto-eval | N53: 45825
A54: MAT-0050 | B54: EMP-007 | C54: DURAND Sebastien | D54: Gennevilliers (92) | E54: Technicien traitement thermique | F54: COMP-012 | G54: Usinage & fabrication | H54: Moyen | I54: 1 | K54: =IF(J54="","",I54-J54) | L54: =IF(J54="","Bonus",IF(K54>=0,"Conforme",IF(K54=-1,"Ecart mineur","Ecart critique"))) -> Bonus | M54: auto-eval | N54: 45895
A55: MAT-0051 | B55: EMP-007 | C55: DURAND Sebastien | D55: Gennevilliers (92) | E55: Technicien traitement thermique | F55: COMP-016 | G55: Traitements | H55: Critique | I55: 3 | J55: 4 | K55: =IF(J55="","",I55-J55) -> -1 | L55: =IF(J55="","Bonus",IF(K55>=0,"Conforme",IF(K55=-1,"Ecart mineur","Ecart critique"))) -> Ecart mineur | M55: auto-eval | N55: 45801
A56: MAT-0052 | B56: EMP-007 | C56: DURAND Sebastien | D56: Gennevilliers (92) | E56: Technicien traitement thermique | F56: COMP-019 | G56: Traitements | H56: Critique | I56: 3 | J56: 3 | K56: =IF(J56="","",I56-J56) -> 0 | L56: =IF(J56="","Bonus",IF(K56>=0,"Conforme",IF(K56=-1,"Ecart mineur","Ecart critique"))) -> Conforme | M56: manager | N56: 45949
A57: MAT-0053 | B57: EMP-007 | C57: DURAND Sebastien | D57: Gennevilliers (92) | E57: Technicien traitement thermique | F57: COMP-027 | G57: Qualite & methodes | H57: Eleve | I57: 2 | J57: 2 | K57: =IF(J57="","",I57-J57) -> 0 | L57: =IF(J57="","Bonus",IF(K57>=0,"Conforme",IF(K57=-1,"Ecart mineur","Ecart critique"))) -> Conforme | M57: auto-eval | N57: 45826
A58: MAT-0054 | B58: EMP-007 | C58: DURAND Sebastien | D58: Gennevilliers (92) | E58: Technicien traitement thermique | F58: COMP-028 | G58: Qualite & methodes | H58: Moyen | I58: 2 | J58: 2 | K58: =IF(J58="","",I58-J58) -> 0 | L58: =IF(J58="","Bonus",IF(K58>=0,"Conforme",IF(K58=-1,"Ecart mineur","Ecart critique"))) -> Conforme | M58: manager | N58: 46058
A59: MAT-0055 | B59: EMP-007 | C59: DURAND Sebastien | D59: Gennevilliers (92) | E59: Technicien traitement thermique | F59: COMP-029 | G59: Qualite & methodes | H59: Eleve | I59: 3 | J59: 2 | K59: =IF(J59="","",I59-J59) -> 1 | L59: =IF(J59="","Bonus",IF(K59>=0,"Conforme",IF(K59=-1,"Ecart mineur","Ecart critique"))) -> Conforme | M59: manager | N59: 45943
A60: MAT-0056 | B60: EMP-007 | C60: DURAND Sebastien | D60: Gennevilliers (92) | E60: Technicien traitement thermique | F60: COMP-030 | G60: Qualite & methodes | H60: Eleve | I60: 1 | K60: =IF(J60="","",I60-J60) | L60: =IF(J60="","Bonus",IF(K60>=0,"Conforme",IF(K60=-1,"Ecart mineur","Ecart critique"))) -> Bonus | M60: auto-eval | N60: 45758
A61: MAT-0057 | B61: EMP-008 | C61: MOREAU Francois | D61: Chatellerault (86) | E61: Technicien traitement surface | F61: COMP-009 | G61: CND/NDT | H61: Eleve | I61: 2 | K61: =IF(J61="","",I61-J61) | L61: =IF(J61="","Bonus",IF(K61>=0,"Conforme",IF(K61=-1,"Ecart mineur","Ecart critique"))) -> Bonus | M61: test | N61: 45786
A62: MAT-0058 | B62: EMP-008 | C62: MOREAU Francois | D62: Chatellerault (86) | E62: Technicien traitement surface | F62: COMP-017 | G62: Traitements | H62: Eleve | I62: 4 | J62: 4 | K62: =IF(J62="","",I62-J62) -> 0 | L62: =IF(J62="","Bonus",IF(K62>=0,"Conforme",IF(K62=-1,"Ecart mineur","Ecart critique"))) -> Conforme | M62: test | N62: 45957 | O62: Expertise cle
A63: MAT-0059 | B63: EMP-008 | C63: MOREAU Francois | D63: Chatellerault (86) | E63: Technicien traitement surface | F63: COMP-018 | G63: Traitements | H63: Eleve | I63: 2 | J63: 3 | K63: =IF(J63="","",I63-J63) -> -1 | L63: =IF(J63="","Bonus",IF(K63>=0,"Conforme",IF(K63=-1,"Ecart mineur","Ecart critique"))) -> Ecart mineur | M63: test | N63: 45903
A64: MAT-0060 | B64: EMP-008 | C64: MOREAU Francois | D64: Chatellerault (86) | E64: Technicien traitement surface | F64: COMP-019 | G64: Traitements | H64: Critique | I64: 3 | J64: 2 | K64: =IF(J64="","",I64-J64) -> 1 | L64: =IF(J64="","Bonus",IF(K64>=0,"Conforme",IF(K64=-1,"Ecart mineur","Ecart critique"))) -> Conforme | M64: test | N64: 45767
A65: MAT-0061 | B65: EMP-008 | C65: MOREAU Francois | D65: Chatellerault (86) | E65: Technicien traitement surface | F65: COMP-026 | G65: Qualite & methodes | H65: Eleve | I65: 3 | K65: =IF(J65="","",I65-J65) | L65: =IF(J65="","Bonus",IF(K65>=0,"Conforme",IF(K65=-1,"Ecart mineur","Ecart critique"))) -> Bonus | M65: auto-eval | N65: 45914
A66: MAT-0062 | B66: EMP-008 | C66: MOREAU Francois | D66: Chatellerault (86) | E66: Technicien traitement surface | F66: COMP-029 | G66: Qualite & methodes | H66: Eleve | I66: 2 | J66: 2 | K66: =IF(J66="","",I66-J66) -> 0 | L66: =IF(J66="","Bonus",IF(K66>=0,"Conforme",IF(K66=-1,"Ecart mineur","Ecart critique"))) -> Conforme | M66: manager | N66: 45948
A67: MAT-0063 | B67: EMP-009 | C67: LAURENT Christophe | D67: Bordes (64) | E67: Ingenieur conception CATIA | F67: COMP-010 | G67: Usinage & fabrication | H67: Moyen | I67: 1 | K67: =IF(J67="","",I67-J67) | L67: =IF(J67="","Bonus",IF(K67>=0,"Conforme",IF(K67=-1,"Ecart mineur","Ecart critique"))) -> Bonus | M67: auto-eval | N67: 45880
A68: MAT-0064 | B68: EMP-009 | C68: LAURENT Christophe | D68: Bordes (64) | E68: Ingenieur conception CATIA | F68: COMP-012 | G68: Usinage & fabrication | H68: Moyen | I68: 2 | K68: =IF(J68="","",I68-J68) | L68: =IF(J68="","Bonus",IF(K68>=0,"Conforme",IF(K68=-1,"Ecart mineur","Ecart critique"))) -> Bonus | M68: test | N68: 45905
A69: MAT-0065 | B69: EMP-009 | C69: LAURENT Christophe | D69: Bordes (64) | E69: Ingenieur conception CATIA | F69: COMP-017 | G69: Traitements | H69: Eleve | I69: 2 | K69: =IF(J69="","",I69-J69) | L69: =IF(J69="","Bonus",IF(K69>=0,"Conforme",IF(K69=-1,"Ecart mineur","Ecart critique"))) -> Bonus | M69: test | N69: 45993
A70: MAT-0066 | B70: EMP-009 | C70: LAURENT Christophe | D70: Bordes (64) | E70: Ingenieur conception CATIA | F70: COMP-020 | G70: Bureau d'etudes | H70: Eleve | I70: 5 | J70: 5 | K70: =IF(J70="","",I70-J70) -> 0 | L70: =IF(J70="","Bonus",IF(K70>=0,"Conforme",IF(K70=-1,"Ecart mineur","Ecart critique"))) -> Conforme | M70: auto-eval | N70: 45779 | O70: Expertise cle
A71: MAT-0067 | B71: EMP-009 | C71: LAURENT Christophe | D71: Bordes (64) | E71: Ingenieur conception CATIA | F71: COMP-022 | G71: Bureau d'etudes | H71: Critique | I71: 4 | J71: 2 | K71: =IF(J71="","",I71-J71) -> 2 | L71: =IF(J71="","Bonus",IF(K71>=0,"Conforme",IF(K71=-1,"Ecart mineur","Ecart critique"))) -> Conforme | M71: test | N71: 45861 | O71: Expertise cle
A72: MAT-0068 | B72: EMP-009 | C72: LAURENT Christophe | D72: Bordes (64) | E72: Ingenieur conception CATIA | F72: COMP-024 | G72: Bureau d'etudes | H72: Eleve | I72: 4 | J72: 4 | K72: =IF(J72="","",I72-J72) -> 0 | L72: =IF(J72="","Bonus",IF(K72>=0,"Conforme",IF(K72=-1,"Ecart mineur","Ecart critique"))) -> Conforme | M72: test | N72: 45887 | O72: Expertise cle
A73: MAT-0069 | B73: EMP-009 | C73: LAURENT Christophe | D73: Bordes (64) | E73: Ingenieur conception CATIA | F73: COMP-025 | G73: Bureau d'etudes | H73: Moyen | I73: 4 | J73: 3 | K73: =IF(J73="","",I73-J73) -> 1 | L73: =IF(J73="","Bonus",IF(K73>=0,"Conforme",IF(K73=-1,"Ecart mineur","Ecart critique"))) -> Conforme | M73: manager | N73: 45954 | O73: Expertise cle
A74: MAT-0070 | B74: EMP-009 | C74: LAURENT Christophe | D74: Bordes (64) | E74: Ingenieur conception CATIA | F74: COMP-027 | G74: Qualite & methodes | H74: Eleve | I74: 3 | J74: 3 | K74: =IF(J74="","",I74-J74) -> 0 | L74: =IF(J74="","Bonus",IF(K74>=0,"Conforme",IF(K74=-1,"Ecart mineur","Ecart critique"))) -> Conforme | M74: test | N74: 45818
A75: MAT-0071 | B75: EMP-010 | C75: SIMON Laurent | D75: Istres (13) | E75: Ingenieur calcul structures | F75: COMP-020 | G75: Bureau d'etudes | H75: Eleve | I75: 4 | J75: 3 | K75: =IF(J75="","",I75-J75) -> 1 | L75: =IF(J75="","Bonus",IF(K75>=0,"Conforme",IF(K75=-1,"Ecart mineur","Ecart critique"))) -> Conforme | M75: manager | N75: 45804 | O75: Expertise cle
A76: MAT-0072 | B76: EMP-010 | C76: SIMON Laurent | D76: Istres (13) | E76: Ingenieur calcul structures | F76: COMP-022 | G76: Bureau d'etudes | H76: Critique | I76: 5 | J76: 5 | K76: =IF(J76="","",I76-J76) -> 0 | L76: =IF(J76="","Bonus",IF(K76>=0,"Conforme",IF(K76=-1,"Ecart mineur","Ecart critique"))) -> Conforme | M76: test | N76: 45864 | O76: Expertise cle
A77: MAT-0073 | B77: EMP-010 | C77: SIMON Laurent | D77: Istres (13) | E77: Ingenieur calcul structures | F77: COMP-023 | G77: Bureau d'etudes | H77: Critique | I77: 5 | J77: 4 | K77: =IF(J77="","",I77-J77) -> 1 | L77: =IF(J77="","Bonus",IF(K77>=0,"Conforme",IF(K77=-1,"Ecart mineur","Ecart critique"))) -> Conforme | M77: auto-eval | N77: 45846 | O77: Expertise cle
A78: MAT-0074 | B78: EMP-010 | C78: SIMON Laurent | D78: Istres (13) | E78: Ingenieur calcul structures | F78: COMP-024 | G78: Bureau d'etudes | H78: Eleve | I78: 5 | J78: 3 | K78: =IF(J78="","",I78-J78) -> 2 | L78: =IF(J78="","Bonus",IF(K78>=0,"Conforme",IF(K78=-1,"Ecart mineur","Ecart critique"))) -> Conforme | M78: test | N78: 45975 | O78: Expertise cle
A79: MAT-0075 | B79: EMP-010 | C79: SIMON Laurent | D79: Istres (13) | E79: Ingenieur calcul structures | F79: COMP-027 | G79: Qualite & methodes | H79: Eleve | I79: 3 | J79: 3 | K79: =IF(J79="","",I79-J79) -> 0 | L79: =IF(J79="","Bonus",IF(K79>=0,"Conforme",IF(K79=-1,"Ecart mineur","Ecart critique"))) -> Conforme | M79: auto-eval | N79: 46041
A80: MAT-0076 | B80: EMP-011 | C80: MICHEL Mathieu | D80: Villaroche (77) | E80: Responsable qualite PART 21 | F80: COMP-006 | G80: CND/NDT | H80: Eleve | I80: 1 | K80: =IF(J80="","",I80-J80) | L80: =IF(J80="","Bonus",IF(K80>=0,"Conforme",IF(K80=-1,"Ecart mineur","Ecart critique"))) -> Bonus | M80: test | N80: 45841
A81: MAT-0077 | B81: EMP-011 | C81: MICHEL Mathieu | D81: Villaroche (77) | E81: Responsable qualite PART 21 | F81: COMP-008 | G81: CND/NDT | H81: Critique | I81: 2 | K81: =IF(J81="","",I81-J81) | L81: =IF(J81="","Bonus",IF(K81>=0,"Conforme",IF(K81=-1,"Ecart mineur","Ecart critique"))) -> Bonus | M81: test | N81: 45762
A82: MAT-0078 | B82: EMP-011 | C82: MICHEL Mathieu | D82: Villaroche (77) | E82: Responsable qualite PART 21 | F82: COMP-014 | G82: Usinage & fabrication | H82: Eleve | I82: 1 | K82: =IF(J82="","",I82-J82) | L82: =IF(J82="","Bonus",IF(K82>=0,"Conforme",IF(K82=-1,"Ecart mineur","Ecart critique"))) -> Bonus | M82: manager | N82: 45867
A83: MAT-0079 | B83: EMP-011 | C83: MICHEL Mathieu | D83: Villaroche (77) | E83: Responsable qualite PART 21 | F83: COMP-018 | G83: Traitements | H83: Eleve | I83: 1 | K83: =IF(J83="","",I83-J83) | L83: =IF(J83="","Bonus",IF(K83>=0,"Conforme",IF(K83=-1,"Ecart mineur","Ecart critique"))) -> Bonus | M83: auto-eval | N83: 46022
A84: MAT-0080 | B84: EMP-011 | C84: MICHEL Mathieu | D84: Villaroche (77) | E84: Responsable qualite PART 21 | F84: COMP-025 | G84: Bureau d'etudes | H84: Moyen | I84: 5 | J84: 3 | K84: =IF(J84="","",I84-J84) -> 2 | L84: =IF(J84="","Bonus",IF(K84>=0,"Conforme",IF(K84=-1,"Ecart mineur","Ecart critique"))) -> Conforme | M84: test | N84: 45771 | O84: Expertise cle
A85: MAT-0081 | B85: EMP-011 | C85: MICHEL Mathieu | D85: Villaroche (77) | E85: Responsable qualite PART 21 | F85: COMP-026 | G85: Qualite & methodes | H85: Eleve | I85: 5 | J85: 5 | K85: =IF(J85="","",I85-J85) -> 0 | L85: =IF(J85="","Bonus",IF(K85>=0,"Conforme",IF(K85=-1,"Ecart mineur","Ecart critique"))) -> Conforme | M85: auto-eval | N85: 45804 | O85: Expertise cle
A86: MAT-0082 | B86: EMP-011 | C86: MICHEL Mathieu | D86: Villaroche (77) | E86: Responsable qualite PART 21 | F86: COMP-027 | G86: Qualite & methodes | H86: Eleve | I86: 5 | J86: 4 | K86: =IF(J86="","",I86-J86) -> 1 | L86: =IF(J86="","Bonus",IF(K86>=0,"Conforme",IF(K86=-1,"Ecart mineur","Ecart critique"))) -> Conforme | M86: auto-eval | N86: 45841 | O86: Expertise cle
A87: MAT-0083 | B87: EMP-011 | C87: MICHEL Mathieu | D87: Villaroche (77) | E87: Responsable qualite PART 21 | F87: COMP-028 | G87: Qualite & methodes | H87: Moyen | I87: 4 | J87: 3 | K87: =IF(J87="","",I87-J87) -> 1 | L87: =IF(J87="","Bonus",IF(K87>=0,"Conforme",IF(K87=-1,"Ecart mineur","Ecart critique"))) -> Conforme | M87: test | N87: 45958 | O87: Expertise cle
A88: MAT-0084 | B88: EMP-011 | C88: MICHEL Mathieu | D88: Villaroche (77) | E88: Responsable qualite PART 21 | F88: COMP-029 | G88: Qualite & methodes | H88: Eleve | I88: 4 | J88: 3 | K88: =IF(J88="","",I88-J88) -> 1 | L88: =IF(J88="","Bonus",IF(K88>=0,"Conforme",IF(K88=-1,"Ecart mineur","Ecart critique"))) -> Conforme | M88: auto-eval | N88: 45818 | O88: Expertise cle
A89: MAT-0085 | B89: EMP-011 | C89: MICHEL Mathieu | D89: Villaroche (77) | E89: Responsable qualite PART 21 | F89: COMP-030 | G89: Qualite & methodes | H89: Eleve | I89: 5 | J89: 4 | K89: =IF(J89="","",I89-J89) -> 1 | L89: =IF(J89="","Bonus",IF(K89>=0,"Conforme",IF(K89=-1,"Ecart mineur","Ecart critique"))) -> Conforme | M89: auto-eval | N89: 45944 | O89: Expertise cle
A90: MAT-0086 | B90: EMP-012 | C90: LEFEVRE David | D90: Gennevilliers (92) | E90: Auditeur interne EN 9100 | F90: COMP-001 | G90: Procedes speciaux | H90: Critique | I90: 2 | K90: =IF(J90="","",I90-J90) | L90: =IF(J90="","Bonus",IF(K90>=0,"Conforme",IF(K90=-1,"Ecart mineur","Ecart critique"))) -> Bonus | M90: auto-eval | N90: 45964
A91: MAT-0087 | B91: EMP-012 | C91: LEFEVRE David | D91: Gennevilliers (92) | E91: Auditeur interne EN 9100 | F91: COMP-012 | G91: Usinage & fabrication | H91: Moyen | I91: 2 | K91: =IF(J91="","",I91-J91) | L91: =IF(J91="","Bonus",IF(K91>=0,"Conforme",IF(K91=-1,"Ecart mineur","Ecart critique"))) -> Bonus | M91: test | N91: 45885
A92: MAT-0088 | B92: EMP-012 | C92: LEFEVRE David | D92: Gennevilliers (92) | E92: Auditeur interne EN 9100 | F92: COMP-014 | G92: Usinage & fabrication | H92: Eleve | I92: 3 | K92: =IF(J92="","",I92-J92) | L92: =IF(J92="","Bonus",IF(K92>=0,"Conforme",IF(K92=-1,"Ecart mineur","Ecart critique"))) -> Bonus | M92: auto-eval | N92: 45890
A93: MAT-0089 | B93: EMP-012 | C93: LEFEVRE David | D93: Gennevilliers (92) | E93: Auditeur interne EN 9100 | F93: COMP-015 | G93: Usinage & fabrication | H93: Eleve | I93: 2 | K93: =IF(J93="","",I93-J93) | L93: =IF(J93="","Bonus",IF(K93>=0,"Conforme",IF(K93=-1,"Ecart mineur","Ecart critique"))) -> Bonus | M93: auto-eval | N93: 45932
A94: MAT-0090 | B94: EMP-012 | C94: LEFEVRE David | D94: Gennevilliers (92) | E94: Auditeur interne EN 9100 | F94: COMP-025 | G94: Bureau d'etudes | H94: Moyen | I94: 3 | J94: 3 | K94: =IF(J94="","",I94-J94) -> 0 | L94: =IF(J94="","Bonus",IF(K94>=0,"Conforme",IF(K94=-1,"Ecart mineur","Ecart critique"))) -> Conforme | M94: auto-eval | N94: 45885
A95: MAT-0091 | B95: EMP-012 | C95: LEFEVRE David | D95: Gennevilliers (92) | E95: Auditeur interne EN 9100 | F95: COMP-026 | G95: Qualite & methodes | H95: Eleve | I95: 5 | J95: 5 | K95: =IF(J95="","",I95-J95) -> 0 | L95: =IF(J95="","Bonus",IF(K95>=0,"Conforme",IF(K95=-1,"Ecart mineur","Ecart critique"))) -> Conforme | M95: auto-eval | N95: 46000 | O95: Expertise cle
A96: MAT-0092 | B96: EMP-012 | C96: LEFEVRE David | D96: Gennevilliers (92) | E96: Auditeur interne EN 9100 | F96: COMP-027 | G96: Qualite & methodes | H96: Eleve | I96: 5 | J96: 4 | K96: =IF(J96="","",I96-J96) -> 1 | L96: =IF(J96="","Bonus",IF(K96>=0,"Conforme",IF(K96=-1,"Ecart mineur","Ecart critique"))) -> Conforme | M96: test | N96: 45766 | O96: Expertise cle
A97: MAT-0093 | B97: EMP-012 | C97: LEFEVRE David | D97: Gennevilliers (92) | E97: Auditeur interne EN 9100 | F97: COMP-028 | G97: Qualite & methodes | H97: Moyen | I97: 3 | J97: 3 | K97: =IF(J97="","",I97-J97) -> 0 | L97: =IF(J97="","Bonus",IF(K97>=0,"Conforme",IF(K97=-1,"Ecart mineur","Ecart critique"))) -> Conforme | M97: test | N97: 45883
A98: MAT-0094 | B98: EMP-012 | C98: LEFEVRE David | D98: Gennevilliers (92) | E98: Auditeur interne EN 9100 | F98: COMP-030 | G98: Qualite & methodes | H98: Eleve | I98: 3 | J98: 3 | K98: =IF(J98="","",I98-J98) -> 0 | L98: =IF(J98="","Bonus",IF(K98>=0,"Conforme",IF(K98=-1,"Ecart mineur","Ecart critique"))) -> Conforme | M98: test | N98: 46042
A99: MAT-0095 | B99: EMP-013 | C99: LEROY Philippe | D99: Chatellerault (86) | E99: Chef d'atelier production | F99: COMP-015 | G99: Usinage & fabrication | H99: Eleve | I99: 2 | K99: =IF(J99="","",I99-J99) | L99: =IF(J99="","Bonus",IF(K99>=0,"Conforme",IF(K99=-1,"Ecart mineur","Ecart critique"))) -> Bonus | M99: test | N99: 45970
A100: MAT-0096 | B100: EMP-013 | C100: LEROY Philippe | D100: Chatellerault (86) | E100: Chef d'atelier production | F100: COMP-016 | G100: Traitements | H100: Critique | I100: 3 | K100: =IF(J100="","",I100-J100) | L100: =IF(J100="","Bonus",IF(K100>=0,"Conforme",IF(K100=-1,"Ecart mineur","Ecart critique"))) -> Bonus | M100: manager | N100: 46064
A101: MAT-0097 | B101: EMP-013 | C101: LEROY Philippe | D101: Chatellerault (86) | E101: Chef d'atelier production | F101: COMP-019 | G101: Traitements | H101: Critique | I101: 1 | K101: =IF(J101="","",I101-J101) | L101: =IF(J101="","Bonus",IF(K101>=0,"Conforme",IF(K101=-1,"Ecart mineur","Ecart critique"))) -> Bonus | M101: manager | N101: 45962
...

Sheet 05_GAP_ANALYSIS
A1: Gap analysis
A2: Analyse des ecarts de competences et priorisation des actions
A4: ID | B4: Employe ID | C4: Employe | D4: Site | E4: Competence ID | F4: Niv actuel | G4: Niv requis | H4: Severite | I4: Score | J4: Traitement | K4: Plan formation | L4: Action recommandee
A5: GAP-0001 | B5: EMP-001 | C5: DUPONT Jean-Marc | D5: Villaroche (77) | E5: COMP-001 | F5: 3 | G5: 4 | H5: =IF(F5-G5>=0,"🟢 OK",IF(F5-G5=-1,"🟡 Modere","🔴 Critique")) -> 🟡 Modere | I5: =MAX(0,(G5-F5)*20)+IF(H5="🔴 Critique",25,0) -> 20 | J5: =IF(H5="🟢 OK","Traite",IF(H5="🔴 Critique","Non traite","A planifier")) -> A planifier | K5: =IF(H5="🟢 OK","","PF-"&TEXT(ROW()-4,"0000")) -> PF-0001 | L5: =IF(H5="🟢 OK","Maintien",IF(H5="🔴 Critique","Formation urgente","Coaching interne")) -> Coaching interne
A6: GAP-0002 | B6: EMP-001 | C6: DUPONT Jean-Marc | D6: Villaroche (77) | E6: COMP-002 | F6: 3 | G6: 3 | H6: =IF(F6-G6>=0,"🟢 OK",IF(F6-G6=-1,"🟡 Modere","🔴 Critique")) -> 🟢 OK | I6: =MAX(0,(G6-F6)*20)+IF(H6="🔴 Critique",25,0) -> 0 | J6: =IF(H6="🟢 OK","Traite",IF(H6="🔴 Critique","Non traite","A planifier")) -> Traite | K6: =IF(H6="🟢 OK","","PF-"&TEXT(ROW()-4,"0000")) | L6: =IF(H6="🟢 OK","Maintien",IF(H6="🔴 Critique","Formation urgente","Coaching interne")) -> Maintien
A7: GAP-0003 | B7: EMP-001 | C7: DUPONT Jean-Marc | D7: Villaroche (77) | E7: COMP-005 | F7: 1 | G7: 2 | H7: =IF(F7-G7>=0,"🟢 OK",IF(F7-G7=-1,"🟡 Modere","🔴 Critique")) -> 🟡 Modere | I7: =MAX(0,(G7-F7)*20)+IF(H7="🔴 Critique",25,0) -> 20 | J7: =IF(H7="🟢 OK","Traite",IF(H7="🔴 Critique","Non traite","A planifier")) -> A planifier | K7: =IF(H7="🟢 OK","","PF-"&TEXT(ROW()-4,"0000")) -> PF-0003 | L7: =IF(H7="🟢 OK","Maintien",IF(H7="🔴 Critique","Formation urgente","Coaching interne")) -> Coaching interne
A8: GAP-0004 | B8: EMP-001 | C8: DUPONT Jean-Marc | D8: Villaroche (77) | E8: COMP-024 | F8: 3 | G8: 2 | H8: =IF(F8-G8>=0,"🟢 OK",IF(F8-G8=-1,"🟡 Modere","🔴 Critique")) -> 🟢 OK | I8: =MAX(0,(G8-F8)*20)+IF(H8="🔴 Critique",25,0) -> 0 | J8: =IF(H8="🟢 OK","Traite",IF(H8="🔴 Critique","Non traite","A planifier")) -> Traite | K8: =IF(H8="🟢 OK","","PF-"&TEXT(ROW()-4,"0000")) | L8: =IF(H8="🟢 OK","Maintien",IF(H8="🔴 Critique","Formation urgente","Coaching interne")) -> Maintien
A9: GAP-0005 | B9: EMP-001 | C9: DUPONT Jean-Marc | D9: Villaroche (77) | E9: COMP-027 | F9: 3 | G9: 2 | H9: =IF(F9-G9>=0,"🟢 OK",IF(F9-G9=-1,"🟡 Modere","🔴 Critique")) -> 🟢 OK | I9: =MAX(0,(G9-F9)*20)+IF(H9="🔴 Critique",25,0) -> 0 | J9: =IF(H9="🟢 OK","Traite",IF(H9="🔴 Critique","Non traite","A planifier")) -> Traite | K9: =IF(H9="🟢 OK","","PF-"&TEXT(ROW()-4,"0000")) | L9: =IF(H9="🟢 OK","Maintien",IF(H9="🔴 Critique","Formation urgente","Coaching interne")) -> Maintien
A10: GAP-0006 | B10: EMP-001 | C10: DUPONT Jean-Marc | D10: Villaroche (77) | E10: COMP-028 | F10: 1 | G10: 1 | H10: =IF(F10-G10>=0,"🟢 OK",IF(F10-G10=-1,"🟡 Modere","🔴 Critique")) -> 🟢 OK | I10: =MAX(0,(G10-F10)*20)+IF(H10="🔴 Critique",25,0) -> 0 | J10: =IF(H10="🟢 OK","Traite",IF(H10="🔴 Critique","Non traite","A planifier")) -> Traite | K10: =IF(H10="🟢 OK","","PF-"&TEXT(ROW()-4,"0000")) | L10: =IF(H10="🟢 OK","Maintien",IF(H10="🔴 Critique","Formation urgente","Coaching interne")) -> Maintien
A11: GAP-0007 | B11: EMP-002 | C11: MARTIN Pierre | D11: Gennevilliers (92) | E11: COMP-001 | F11: 3 | G11: 3 | H11: =IF(F11-G11>=0,"🟢 OK",IF(F11-G11=-1,"🟡 Modere","🔴 Critique")) -> 🟢 OK | I11: =MAX(0,(G11-F11)*20)+IF(H11="🔴 Critique",25,0) -> 0 | J11: =IF(H11="🟢 OK","Traite",IF(H11="🔴 Critique","Non traite","A planifier")) -> Traite | K11: =IF(H11="🟢 OK","","PF-"&TEXT(ROW()-4,"0000")) | L11: =IF(H11="🟢 OK","Maintien",IF(H11="🔴 Critique","Formation urgente","Coaching interne")) -> Maintien
A12: GAP-0008 | B12: EMP-002 | C12: MARTIN Pierre | D12: Gennevilliers (92) | E12: COMP-002 | F12: 5 | G12: 4 | H12: =IF(F12-G12>=0,"🟢 OK",IF(F12-G12=-1,"🟡 Modere","🔴 Critique")) -> 🟢 OK | I12: =MAX(0,(G12-F12)*20)+IF(H12="🔴 Critique",25,0) -> 0 | J12: =IF(H12="🟢 OK","Traite",IF(H12="🔴 Critique","Non traite","A planifier")) -> Traite | K12: =IF(H12="🟢 OK","","PF-"&TEXT(ROW()-4,"0000")) | L12: =IF(H12="🟢 OK","Maintien",IF(H12="🔴 Critique","Formation urgente","Coaching interne")) -> Maintien
A13: GAP-0009 | B13: EMP-002 | C13: MARTIN Pierre | D13: Gennevilliers (92) | E13: COMP-004 | F13: 5 | G13: 3 | H13: =IF(F13-G13>=0,"🟢 OK",IF(F13-G13=-1,"🟡 Modere","🔴 Critique")) -> 🟢 OK | I13: =MAX(0,(G13-F13)*20)+IF(H13="🔴 Critique",25,0) -> 0 | J13: =IF(H13="🟢 OK","Traite",IF(H13="🔴 Critique","Non traite","A planifier")) -> Traite | K13: =IF(H13="🟢 OK","","PF-"&TEXT(ROW()-4,"0000")) | L13: =IF(H13="🟢 OK","Maintien",IF(H13="🔴 Critique","Formation urgente","Coaching interne")) -> Maintien
A14: GAP-0010 | B14: EMP-002 | C14: MARTIN Pierre | D14: Gennevilliers (92) | E14: COMP-005 | F14: 4 | G14: 2 | H14: =IF(F14-G14>=0,"🟢 OK",IF(F14-G14=-1,"🟡 Modere","🔴 Critique")) -> 🟢 OK | I14: =MAX(0,(G14-F14)*20)+IF(H14="🔴 Critique",25,0) -> 0 | J14: =IF(H14="🟢 OK","Traite",IF(H14="🔴 Critique","Non traite","A planifier")) -> Traite | K14: =IF(H14="🟢 OK","","PF-"&TEXT(ROW()-4,"0000")) | L14: =IF(H14="🟢 OK","Maintien",IF(H14="🔴 Critique","Formation urgente","Coaching interne")) -> Maintien
A15: GAP-0011 | B15: EMP-002 | C15: MARTIN Pierre | D15: Gennevilliers (92) | E15: COMP-028 | F15: 2 | G15: 1 | H15: =IF(F15-G15>=0,"🟢 OK",IF(F15-G15=-1,"🟡 Modere","🔴 Critique")) -> 🟢 OK | I15: =MAX(0,(G15-F15)*20)+IF(H15="🔴 Critique",25,0) -> 0 | J15: =IF(H15="🟢 OK","Traite",IF(H15="🔴 Critique","Non traite","A planifier")) -> Traite | K15: =IF(H15="🟢 OK","","PF-"&TEXT(ROW()-4,"0000")) | L15: =IF(H15="🟢 OK","Maintien",IF(H15="🔴 Critique","Formation urgente","Coaching interne")) -> Maintien
A16: GAP-0012 | B16: EMP-003 | C16: BERNARD Thomas | D16: Chatellerault (86) | E16: COMP-005 | F16: 5 | G16: 4 | H16: =IF(F16-G16>=0,"🟢 OK",IF(F16-G16=-1,"🟡 Modere","🔴 Critique")) -> 🟢 OK | I16: =MAX(0,(G16-F16)*20)+IF(H16="🔴 Critique",25,0) -> 0 | J16: =IF(H16="🟢 OK","Traite",IF(H16="🔴 Critique","Non traite","A planifier")) -> Traite | K16: =IF(H16="🟢 OK","","PF-"&TEXT(ROW()-4,"0000")) | L16: =IF(H16="🟢 OK","Maintien",IF(H16="🔴 Critique","Formation urgente","Coaching interne")) -> Maintien
... A310: GAP-0306 | B310: EMP-060 | C310: PERRIN Melanie | D310: Istres (13) | E310: COMP-030 | F310: 3 | G310: 3 | H310: =IF(F310-G310>=0,"🟢 OK",IF(F310-G310=-1,"🟡 Modere","🔴 Critique")) -> 🟢 OK | I310: =MAX(0,(G310-F310)*20)+IF(H310="🔴 Critique",25,0) -> 0 | J310: =IF(H310="🟢 OK","Traite",IF(H310="🔴 Critique","Non traite","A planifier")) -> Traite | K310: =IF(H310="🟢 OK","","PF-"&TEXT(ROW()-4,"0000")) | L310: =IF(H310="🟢 OK","Maintien",IF(H310="🔴 Critique","Formation urgente","Coaching interne")) -> Maintien

Sheet 06_SUCCESSION
A1: Plans de succession
A2: Couverture des postes critiques et preparation des successeurs
A4: ID | B4: Poste | C4: Site | D4: Titulaire ID | E4: Criticite | F4: Titulaire | G4: Successeur 1 | H4: Pret 1 | I4: Successeur 2 | J4: Pret 2 | K4: Risque depart | L4: Maj plan | M4: Plan action
A5: SUC-001 | B5: Ingenieur conception CATIA | C5: Bordes (64) | D5: EMP-009 | E5: Eleve | F5: LAURENT Christophe | G5: EMP-008 | H5: 0.48 | I5: EMP-012 | J5: 0.37 | K5: Faible | L5: 45908 | M5: =IF(K5="Critique","Transfert immediat + mentoring",IF(H5<0.6,"Programme 12 mois","Suivi semestriel")) -> Programme 12 mois
A6: SUC-002 | B6: Ingenieur calcul structures | C6: Istres (13) | D6: EMP-010 | E6: Eleve | F6: SIMON Laurent | G6: EMP-009 | H6: 0.71 | I6: EMP-013 | J6: 0.37 | K6: Faible | L6: 45890 | M6: =IF(K6="Critique","Transfert immediat + mentoring",IF(H6<0.6,"Programme 12 mois","Suivi semestriel")) -> Suivi semestriel
A7: SUC-003 | B7: Responsable qualite PART 21 | C7: Villaroche (77) | D7: EMP-011 | E7: Critique | F7: MICHEL Mathieu | G7: EMP-010 | H7: 0.47 | I7: EMP-014 | J7: 0.44 | K7: Eleve | L7: 46017 | M7: =IF(K7="Critique","Transfert immediat + mentoring",IF(H7<0.6,"Programme 12 mois","Suivi semestriel")) -> Programme 12 mois
A8: SUC-004 | B8: Auditeur interne EN 9100 | C8: Gennevilliers (92) | D8: EMP-012 | E8: Critique | F8: LEFEVRE David | G8: EMP-011 | H8: 0.48 | I8: EMP-015 | J8: 0.3 | K8: Moyen | L8: 46018 | M8: =IF(K8="Critique","Transfert immediat + mentoring",IF(H8<0.6,"Programme 12 mois","Suivi semestriel")) -> Programme 12 mois
A9: SUC-005 | B9: Chef d'atelier production | C9: Chatellerault (86) | D9: EMP-013 | E9: Critique | F9: LEROY Philippe | G9: EMP-012 | H9: 0.8 | I9: EMP-016 | J9: 0.41 | K9: Moyen | L9: 46063 | M9: =IF(K9="Critique","Transfert immediat + mentoring",IF(H9<0.6,"Programme 12 mois","Suivi semestriel")) -> Suivi semestriel
A10: SUC-006 | B10: Ingenieur methodes | C10: Istres (13) | D10: EMP-015 | E10: Eleve | F10: DAVID Frederic | G10: EMP-013 | H10: 0.45 | I10: EMP-017 | J10: 0.47 | K10: Faible | L10: 45880 | M10: =IF(K10="Critique","Transfert immediat + mentoring",IF(H10<0.6,"Programme 12 mois","Suivi semestriel")) -> Programme 12 mois
A11: SUC-007 | B11: Ingenieur materiaux | C11: Gennevilliers (92) | D11: EMP-017 | E11: Eleve | F11: MOREL Alexandre | G11: EMP-014 | H11: 0.83 | I11: EMP-018 | J11: 0.44 | K11: Faible | L11: 46103 | M11: =IF(K11="Critique","Transfert immediat + mentoring",IF(H11<0.6,"Programme 12 mois","Suivi semestriel")) -> Suivi semestriel
A12: SUC-008 | B12: Responsable HSE | C12: Bordes (64) | D12: EMP-019 | E12: Critique | F12: GIRARD Cedric | G12: EMP-015 | H12: 0.65 | I12: EMP-019 | J12: 0.66 | K12: Critique | L12: 46078 | M12: =IF(K12="Critique","Transfert immediat + mentoring",IF(H12<0.6,"Programme 12 mois","Suivi semestriel")) -> Transfert immediat + mentoring
A13: SUC-009 | B13: Coordinateur Supply Chain | C13: Istres (13) | D13: EMP-020 | E13: Critique | F13: BONNET Benoit | G13: EMP-016 | H13: 0.47 | I13: EMP-020 | J13: 0.25 | K13: Moyen | L13: 46072 | M13: =IF(K13="Critique","Transfert immediat + mentoring",IF(H13<0.6,"Programme 12 mois","Suivi semestriel")) -> Programme 12 mois
A14: SUC-010 | B14: Ingenieur conception CATIA | C14: Bordes (64) | D14: EMP-029 | E14: Eleve | F14: BARBIER Pascal | G14: EMP-017 | H14: 0.46 | I14: EMP-021 | J14: 0.38 | K14: Critique | L14: 45958 | M14: =IF(K14="Critique","Transfert immediat + mentoring",IF(H14<0.6,"Programme 12 mois","Suivi semestriel")) -> Transfert immediat + mentoring
A15: SUC-011 | B15: Ingenieur calcul structures | C15: Istres (13) | D15: EMP-030 | E15: Eleve | F15: PERRIN Damien | G15: EMP-018 | H15: 0.75 | I15: EMP-022 | J15: 0.36 | K15: Critique | L15: 45890 | M15: =IF(K15="Critique","Transfert immediat + mentoring",IF(H15<0.6,"Programme 12 mois","Suivi semestriel")) -> Transfert immediat + mentoring
A16: SUC-012 | B16: Responsable qualite PART 21 | C16: Villaroche (77) | D16: EMP-031 | E16: Critique | F16: DUPONT Sophie | G16: EMP-019 | H16: 0.47 | I16: EMP-023 | J16: 0.69 | K16: Eleve | L16: 46017 | M16: =IF(K16="Critique","Transfert immediat + mentoring",IF(H16<0.6,"Programme 12 mois","Suivi semestriel")) -> Programme 12 mois
... A24: SUC-020 | B24: Ingenieur calcul structures | C24: Istres (13) | D24: EMP-050 | E24: Eleve | F24: BONNET Stephanie | G24: EMP-027 | H24: 0.66 | I24: EMP-031 | J24: 0.41 | K24: Critique | L24: 45878 | M24: =IF(K24="Critique","Transfert immediat + mentoring",IF(H24<0.6,"Programme 12 mois","Suivi semestriel")) -> Transfert immediat + mentoring

Sheet 07_PLAN_FORMATION
A1: Plan de formation
A2: Actions de montee en competences deduites des gaps prioritaires
A4: ID Plan | B4: Competence | C4: Employe ID | D4: Employe | E4: Site | F4: Priorite | G4: Date session | H4: Duree j | I4: Niv actuel | J4: Niv cible | K4: Modalite | L4: Organisme | M4: Budget prevu | N4: Budget engage | O4: Manager | P4: Cout complet | Q4: Resultat | R4: Rappel | S4: Statut
A5: PF-0001 | B5: Soudure TIG aeronautique | C5: EMP-001 | D5: DUPONT Jean-Marc | E5: Villaroche (77) | F5: Important | G5: 46333 | H5: 3 | I5: 3 | J5: 4 | K5: Coaching | L5: Academie interne | M5: 2767 | N5: =IF(S5="Realise",M5,IF(S5="En cours",M5*0.6,IF(S5="Planifie",M5*0.3,0))) -> 830.1 | O5: =IFERROR(VLOOKUP(C5,'03_ANNUAIRE'!A:I,9,FALSE),"") -> 0 | P5: =M5+ROUND(M5*0.15,0) -> 3182 | Q5: =IF(S5="Realise","A reevaluer",IF(S5="En cours","Progression","En attente")) -> En attente | R5: =IF(G5<TODAY(),"Echeance depassee","A suivre") -> A suivre | S5: Planifie
A6: PF-0002 | B6: Ressuage PT Niveau 2 | C6: EMP-001 | D6: DUPONT Jean-Marc | E6: Villaroche (77) | F6: Important | G6: 46190 | H6: 3 | I6: 1 | J6: 2 | K6: Compagnonnage | L6: Academie interne | M6: 2335 | N6: =IF(S6="Realise",M6,IF(S6="En cours",M6*0.6,IF(S6="Planifie",M6*0.3,0))) -> 700.5 | O6: =IFERROR(VLOOKUP(C6,'03_ANNUAIRE'!A:I,9,FALSE),"") -> 0 | P6: =M6+ROUND(M6*0.15,0) -> 2685 | Q6: =IF(S6="Realise","A reevaluer",IF(S6="En cours","Progression","En attente")) -> En attente | R6: =IF(G6<TODAY(),"Echeance depassee","A suivre") -> A suivre | S6: Planifie
A7: PF-0003 | B7: Magnetoscopie MT Niveau 2 | C7: EMP-003 | D7: BERNARD Thomas | E7: Chatellerault (86) | F7: Important | G7: 46250 | H7: 3 | I7: 3 | J7: 4 | K7: Formation interne | L7: Academie interne | M7: 2587 | N7: =IF(S7="Realise",M7,IF(S7="En cours",M7*0.6,IF(S7="Planifie",M7*0.3,0))) -> 0 | O7: =IFERROR(VLOOKUP(C7,'03_ANNUAIRE'!A:I,9,FALSE),"") -> EMP-001 | P7: =M7+ROUND(M7*0.15,0) -> 2975 | Q7: =IF(S7="Realise","A reevaluer",IF(S7="En cours","Progression","En attente")) -> En attente | R7: =IF(G7<TODAY(),"Echeance depassee","A suivre") -> A suivre | S7: A planifier
A8: PF-0004 | B8: Radiographie RT Niveau 2 | C8: EMP-003 | D8: BERNARD Thomas | E8: Chatellerault (86) | F8: Important | G8: 46271 | H8: 3 | I8: 2 | J8: 3 | K8: Formation interne | L8: Academie interne | M8: 3125 | N8: =IF(S8="Realise",M8,IF(S8="En cours",M8*0.6,IF(S8="Planifie",M8*0.3,0))) -> 0 | O8: =IFERROR(VLOOKUP(C8,'03_ANNUAIRE'!A:I,9,FALSE),"") -> EMP-001 | P8: =M8+ROUND(M8*0.15,0) -> 3594 | Q8: =IF(S8="Realise","A reevaluer",IF(S8="En cours","Progression","En attente")) -> En attente | R8: =IF(G8<TODAY(),"Echeance depassee","A suivre") -> A suivre | S8: A planifier
A9: PF-0005 | B9: First Article Inspection FAI | C9: EMP-003 | D9: BERNARD Thomas | E9: Chatellerault (86) | F9: Important | G9: 46346 | H9: 3 | I9: 1 | J9: 2 | K9: Coaching | L9: Academie interne | M9: 2158 | N9: =IF(S9="Realise",M9,IF(S9="En cours",M9*0.6,IF(S9="Planifie",M9*0.3,0))) -> 1294.8 | O9: =IFERROR(VLOOKUP(C9,'03_ANNUAIRE'!A:I,9,FALSE),"") -> EMP-001 | P9: =M9+ROUND(M9*0.15,0) -> 2482 | Q9: =IF(S9="Realise","A reevaluer",IF(S9="En cours","Progression","En attente")) -> Progression | R9: =IF(G9<TODAY(),"Echeance depassee","A suivre") -> A suivre | S9: En cours
A10: PF-0006 | B10: Ultrasons UT Niveau 2 | C10: EMP-004 | D10: PETIT Nicolas | E10: Bordes (64) | F10: Important | G10: 46173 | H10: 3 | I10: 4 | J10: 5 | K10: Compagnonnage | L10: Academie interne | M10: 3138 | N10: =IF(S10="Realise",M10,IF(S10="En cours",M10*0.6,IF(S10="Planifie",M10*0.3,0))) -> 1882.8 | O10: =IFERROR(VLOOKUP(C10,'03_ANNUAIRE'!A:I,9,FALSE),"") -> EMP-001 | P10: =M10+ROUND(M10*0.15,0) -> 3609 | Q10: =IF(S10="Realise","A reevaluer",IF(S10="En cours","Progression","En attente")) -> Progression | R10: =IF(G10<TODAY(),"Echeance depassee","A suivre") -> A suivre | S10: En cours
A11: PF-0007 | B11: Tournage CN | C11: EMP-006 | D11: RICHARD Antoine | E11: Villaroche (77) | F11: Important | G11: 46175 | H11: 3 | I11: 2 | J11: 3 | K11: Coaching | L11: Academie interne | M11: 2758 | N11: =IF(S11="Realise",M11,IF(S11="En cours",M11*0.6,IF(S11="Planifie",M11*0.3,0))) -> 0 | O11: =IFERROR(VLOOKUP(C11,'03_ANNUAIRE'!A:I,9,FALSE),"") -> EMP-006 | P11: =M11+ROUND(M11*0.15,0) -> 3172 | Q11: =IF(S11="Realise","A reevaluer",IF(S11="En cours","Progression","En attente")) -> En attente | R11: =IF(G11<TODAY(),"Echeance depassee","A suivre") -> A suivre | S11: A planifier
A12: PF-0008 | B12: Programmation FAO CATIA Mfg | C12: EMP-006 | D12: RICHARD Antoine | E12: Villaroche (77) | F12: Important | G12: 46151 | H12: 3 | I12: 1 | J12: 2 | K12: Formation interne | L12: Academie interne | M12: 2633 | N12: =IF(S12="Realise",M12,IF(S12="En cours",M12*0.6,IF(S12="Planifie",M12*0.3,0))) -> 2633 | O12: =IFERROR(VLOOKUP(C12,'03_ANNUAIRE'!A:I,9,FALSE),"") -> EMP-006 | P12: =M12+ROUND(M12*0.15,0) -> 3028 | Q12: =IF(S12="Realise","A reevaluer",IF(S12="En cours","Progression","En attente")) -> A reevaluer | R12: =IF(G12<TODAY(),"Echeance depassee","A suivre") -> A suivre | S12: Realise
A13: PF-0009 | B13: Traitement thermique aero | C13: EMP-007 | D13: DURAND Sebastien | E13: Gennevilliers (92) | F13: Important | G13: 46249 | H13: 3 | I13: 3 | J13: 4 | K13: Compagnonnage | L13: Academie interne | M13: 2562 | N13: =IF(S13="Realise",M13,IF(S13="En cours",M13*0.6,IF(S13="Planifie",M13*0.3,0))) -> 768.6 | O13: =IFERROR(VLOOKUP(C13,'03_ANNUAIRE'!A:I,9,FALSE),"") -> EMP-006 | P13: =M13+ROUND(M13*0.15,0) -> 2946 | Q13: =IF(S13="Realise","A reevaluer",IF(S13="En cours","Progression","En attente")) -> En attente | R13: =IF(G13<TODAY(),"Echeance depassee","A suivre") -> A suivre | S13: Planifie
A14: PF-0010 | B14: Shot peening controle | C14: EMP-008 | D14: MOREAU Francois | E14: Chatellerault (86) | F14: Important | G14: 46147 | H14: 3 | I14: 2 | J14: 3 | K14: Compagnonnage | L14: Academie interne | M14: 2509 | N14: =IF(S14="Realise",M14,IF(S14="En cours",M14*0.6,IF(S14="Planifie",M14*0.3,0))) -> 2509 | O14: =IFERROR(VLOOKUP(C14,'03_ANNUAIRE'!A:I,9,FALSE),"") -> EMP-006 | P14: =M14+ROUND(M14*0.15,0) -> 2885 | Q14: =IF(S14="Realise","A reevaluer",IF(S14="En cours","Progression","En attente")) -> A reevaluer | R14: =IF(G14<TODAY(),"Echeance depassee","A suivre") -> A suivre | S14: Realise
A15: PF-0011 | B15: Lean Manufacturing / 6 Sigma | C15: EMP-015 | D15: DAVID Frederic | E15: Istres (13) | F15: Important | G15: 46241 | H15: 3 | I15: 2 | J15: 3 | K15: Formation interne | L15: Academie interne | M15: 3203 | N15: =IF(S15="Realise",M15,IF(S15="En cours",M15*0.6,IF(S15="Planifie",M15*0.3,0))) -> 0 | O15: =IFERROR(VLOOKUP(C15,'03_ANNUAIRE'!A:I,9,FALSE),"") -> EMP-011 | P15: =M15+ROUND(M15*0.15,0) -> 3683 | Q15: =IF(S15="Realise","A reevaluer",IF(S15="En cours","Progression","En attente")) -> En attente | R15: =IF(G15<TODAY(),"Echeance depassee","A suivre") -> A suivre | S15: A planifier
A16: PF-0012 | B16: Tournage CN | C16: EMP-016 | D16: BERTRAND Olivier | E16: Villaroche (77) | F16: Important | G16: 46154 | H16: 3 | I16: 2 | J16: 3 | K16: Formation interne | L16: Academie interne | M16: 2534 | N16: =IF(S16="Realise",M16,IF(S16="En cours",M16*0.6,IF(S16="Planifie",M16*0.3,0))) -> 760.2 | O16: =IFERROR(VLOOKUP(C16,'03_ANNUAIRE'!A:I,9,FALSE),"") -> EMP-016 | P16: =M16+ROUND(M16*0.15,0) -> 2914 | Q16: =IF(S16="Realise","A reevaluer",IF(S16="En cours","Progression","En attente")) -> En attente | R16: =IF(G16<TODAY(),"Echeance depassee","A suivre") -> A suivre | S16: Planifie
... A56: PF-0052 | B56: AMDEC/FMEA aeronautique | C56: EMP-055 | D56: BLANC Lucie | E56: Istres (13) | F56: Important | G56: 46164 | H56: 3 | I56: 2 | J56: 3 | K56: Coaching | L56: Academie interne | M56: 2200 | N56: =IF(S56="Realise",M56,IF(S56="En cours",M56*0.6,IF(S56="Planifie",M56*0.3,0))) -> 660 | O56: =IFERROR(VLOOKUP(C56,'03_ANNUAIRE'!A:I,9,FALSE),"") -> EMP-051 | P56: =M56+ROUND(M56*0.15,0) -> 2530 | Q56: =IF(S56="Realise","A reevaluer",IF(S56="En cours","Progression","En attente")) -> En attente | R56: =IF(G56<TODAY(),"Echeance depassee","A suivre") -> A suivre | S56: Planifie

Sheet 08_BUDGET
A1: Budget formation
A2: Pilotage budgetaire par site et categorie
A4: Perimetre | B4: Budget alloue | C4: Budget prevu | D4: Budget engage | E4: Reste a engager | F4: Taux conso | G4: Nb actions | H4: Alerte
A5: Villaroche (77) - Formation | B5: 48343 | C5: =SUMIF('07_PLAN_FORMATION'!E:E,IFERROR(LEFT(A5,FIND(" -",A5)-1),A5),'07_PLAN_FORMATION'!M:M) -> 33030 | D5: =SUMIF('07_PLAN_FORMATION'!E:E,IFERROR(LEFT(A5,FIND(" -",A5)-1),A5),'07_PLAN_FORMATION'!N:N) -> 17264.4 | E5: =B5-D5 -> 31078.6 | F5: =IFERROR(D5/B5,0) -> 0.35712306 | G5: =COUNTIF('07_PLAN_FORMATION'!E:E,IFERROR(LEFT(A5,FIND(" -",A5)-1),A5)) -> 12 | H5: =IF(F5>1,"🔴 Depassement",IF(F5>0.85,"🟡 Surveillance","🟢 OK")) -> 🟢 OK
A6: Gennevilliers (92) - Formation | B6: 58187 | C6: =SUMIF('07_PLAN_FORMATION'!E:E,IFERROR(LEFT(A6,FIND(" -",A6)-1),A6),'07_PLAN_FORMATION'!M:M) -> 26681 | D6: =SUMIF('07_PLAN_FORMATION'!E:E,IFERROR(LEFT(A6,FIND(" -",A6)-1),A6),'07_PLAN_FORMATION'!N:N) -> 6766.2 | E6: =B6-D6 -> 51420.8 | F6: =IFERROR(D6/B6,0) -> 0.11628371 | G6: =COUNTIF('07_PLAN_FORMATION'!E:E,IFERROR(LEFT(A6,FIND(" -",A6)-1),A6)) -> 9 | H6: =IF(F6>1,"🔴 Depassement",IF(F6>0.85,"🟡 Surveillance","🟢 OK")) -> 🟢 OK
A7: Chatellerault (86) - Formation | B7: 42465 | C7: =SUMIF('07_PLAN_FORMATION'!E:E,IFERROR(LEFT(A7,FIND(" -",A7)-1),A7),'07_PLAN_FORMATION'!M:M) -> 24655 | D7: =SUMIF('07_PLAN_FORMATION'!E:E,IFERROR(LEFT(A7,FIND(" -",A7)-1),A7),'07_PLAN_FORMATION'!N:N) -> 6950.5 | E7: =B7-D7 -> 35514.5 | F7: =IFERROR(D7/B7,0) -> 0.16367597 | G7: =COUNTIF('07_PLAN_FORMATION'!E:E,IFERROR(LEFT(A7,FIND(" -",A7)-1),A7)) -> 9 | H7: =IF(F7>1,"🔴 Depassement",IF(F7>0.85,"🟡 Surveillance","🟢 OK")) -> 🟢 OK
A8: Bordes (64) - Formation | B8: 35506 | C8: =SUMIF('07_PLAN_FORMATION'!E:E,IFERROR(LEFT(A8,FIND(" -",A8)-1),A8),'07_PLAN_FORMATION'!M:M) -> 30208 | D8: =SUMIF('07_PLAN_FORMATION'!E:E,IFERROR(LEFT(A8,FIND(" -",A8)-1),A8),'07_PLAN_FORMATION'!N:N) -> 9051.6 | E8: =B8-D8 -> 26454.4 | F8: =IFERROR(D8/B8,0) -> 0.25493156 | G8: =COUNTIF('07_PLAN_FORMATION'!E:E,IFERROR(LEFT(A8,FIND(" -",A8)-1),A8)) -> 11 | H8: =IF(F8>1,"🔴 Depassement",IF(F8>0.85,"🟡 Surveillance","🟢 OK")) -> 🟢 OK
A9: Istres (13) - Formation | B9: 27079 | C9: =SUMIF('07_PLAN_FORMATION'!E:E,IFERROR(LEFT(A9,FIND(" -",A9)-1),A9),'07_PLAN_FORMATION'!M:M) -> 35022 | D9: =SUMIF('07_PLAN_FORMATION'!E:E,IFERROR(LEFT(A9,FIND(" -",A9)-1),A9),'07_PLAN_FORMATION'!N:N) -> 11262.4 | E9: =B9-D9 -> 15816.6 | F9: =IFERROR(D9/B9,0) -> 0.41590901 | G9: =COUNTIF('07_PLAN_FORMATION'!E:E,IFERROR(LEFT(A9,FIND(" -",A9)-1),A9)) -> 11 | H9: =IF(F9>1,"🔴 Depassement",IF(F9>0.85,"🟡 Surveillance","🟢 OK")) -> 🟢 OK
A10: Production | B10: 30199 | C10: =SUMIF('07_PLAN_FORMATION'!E:E,IFERROR(LEFT(A10,FIND(" -",A10)-1),A10),'07_PLAN_FORMATION'!M:M) -> 0 | D10: =SUMIF('07_PLAN_FORMATION'!E:E,IFERROR(LEFT(A10,FIND(" -",A10)-1),A10),'07_PLAN_FORMATION'!N:N) -> 0 | E10: =B10-D10 -> 30199 | F10: =IFERROR(D10/B10,0) -> 0 | G10: =COUNTIF('07_PLAN_FORMATION'!E:E,IFERROR(LEFT(A10,FIND(" -",A10)-1),A10)) -> 0 | H10: =IF(F10>1,"🔴 Depassement",IF(F10>0.85,"🟡 Surveillance","🟢 OK")) -> 🟢 OK
A11: Qualite | B11: 62344 | C11: =SUMIF('07_PLAN_FORMATION'!E:E,IFERROR(LEFT(A11,FIND(" -",A11)-1),A11),'07_PLAN_FORMATION'!M:M) -> 0 | D11: =SUMIF('07_PLAN_FORMATION'!E:E,IFERROR(LEFT(A11,FIND(" -",A11)-1),A11),'07_PLAN_FORMATION'!N:N) -> 0 | E11: =B11-D11 -> 62344 | F11: =IFERROR(D11/B11,0) -> 0 | G11: =COUNTIF('07_PLAN_FORMATION'!E:E,IFERROR(LEFT(A11,FIND(" -",A11)-1),A11)) -> 0 | H11: =IF(F11>1,"🔴 Depassement",IF(F11>0.85,"🟡 Surveillance","🟢 OK")) -> 🟢 OK
A12: Bureau d'etudes | B12: 18421 | C12: =SUMIF('07_PLAN_FORMATION'!E:E,IFERROR(LEFT(A12,FIND(" -",A12)-1),A12),'07_PLAN_FORMATION'!M:M) -> 0 | D12: =SUMIF('07_PLAN_FORMATION'!E:E,IFERROR(LEFT(A12,FIND(" -",A12)-1),A12),'07_PLAN_FORMATION'!N:N) -> 0 | E12: =B12-D12 -> 18421 | F12: =IFERROR(D12/B12,0) -> 0 | G12: =COUNTIF('07_PLAN_FORMATION'!E:E,IFERROR(LEFT(A12,FIND(" -",A12)-1),A12)) -> 0 | H12: =IF(F12>1,"🔴 Depassement",IF(F12>0.85,"🟡 Surveillance","🟢 OK")) -> 🟢 OK
A13: Maintenance (MRO) | B13: 40172 | C13: =SUMIF('07_PLAN_FORMATION'!E:E,IFERROR(LEFT(A13,FIND(" -",A13)-1),A13),'07_PLAN_FORMATION'!M:M) -> 0 | D13: =SUMIF('07_PLAN_FORMATION'!E:E,IFERROR(LEFT(A13,FIND(" -",A13)-1),A13),'07_PLAN_FORMATION'!N:N) -> 0 | E13: =B13-D13 -> 40172 | F13: =IFERROR(D13/B13,0) -> 0 | G13: =COUNTIF('07_PLAN_FORMATION'!E:E,IFERROR(LEFT(A13,FIND(" -",A13)-1),A13)) -> 0 | H13: =IF(F13>1,"🔴 Depassement",IF(F13>0.85,"🟡 Surveillance","🟢 OK")) -> 🟢 OK
A14: HSE | B14: 50950 | C14: =SUMIF('07_PLAN_FORMATION'!E:E,IFERROR(LEFT(A14,FIND(" -",A14)-1),A14),'07_PLAN_FORMATION'!M:M) -> 0 | D14: =SUMIF('07_PLAN_FORMATION'!E:E,IFERROR(LEFT(A14,FIND(" -",A14)-1),A14),'07_PLAN_FORMATION'!N:N) -> 0 | E14: =B14-D14 -> 50950 | F14: =IFERROR(D14/B14,0) -> 0 | G14: =COUNTIF('07_PLAN_FORMATION'!E:E,IFERROR(LEFT(A14,FIND(" -",A14)-1),A14)) -> 0 | H14: =IF(F14>1,"🔴 Depassement",IF(F14>0.85,"🟡 Surveillance","🟢 OK")) -> 🟢 OK

Sheet 09_HISTORIQUE
A1: Historique des mises a jour
A2: Trace simplifiee des operations et changements du classeur
A4: ID | B4: Date | C4: Type | D4: Auteur | E4: Perimetre | F4: Commentaire
A5: HIS-001 | B5: 46069 | C5: Import | D5: Agent NEURAL | E5: Annuaire | F5: Chargement initial des 60 collaborateurs
A6: HIS-002 | B6: 46082 | C6: Evaluation | D6: Manager qualite | E6: Matrice skills | F6: Mise a jour des niveaux CND et FAI
A7: HIS-003 | B7: 46093 | C7: Budget | D7: RH formation | E7: Budget | F7: Reallocation budget site Bordes
A8: HIS-004 | B8: 46102 | C8: Succession | D8: DRH | E8: Succession | F8: Ajout de 5 plans de succession
A9: HIS-005 | B9: 46111 | C9: Controle | D9: Agent NEURAL | E9: Controles | F9: Verification integrite des references

Sheet 10_DASHBOARD_KPI
A1: Dashboard SkillsMapAero
A2: Genere le 02/04/2026 18:31
A4: INDICATEURS CLES
A5: KPI | B5: Valeur | C5: Objectif | D5: Statut
A6: Taux couverture global | B6: =IFERROR(COUNTIF('04_MATRICE_SKILLS'!L:L,"Conforme")/COUNTA('04_MATRICE_SKILLS'!A:A),0) -> 0.58932715 | C6: 0.85 | D6: =IF(B6>=C6,"🟢 OK",IF(B6>=C6*0.8,"🟡 Sous cible","🔴 Alerte")) -> 🔴 Alerte
A7: Competences critiques couvertes | B7: =IFERROR(COUNTIFS('02_REF_COMPETENCES'!N:N,"Critique",'02_REF_COMPETENCES'!X:X,">=0.8")/COUNTIF('02_REF_COMPETENCES'!N:N,"Critique"),0) -> 0 | C7: 1 | D7: =IF(B7>=C7,"🟢 OK",IF(B7>=C7*0.8,"🟡 Sous cible","🔴 Alerte")) -> 🔴 Alerte
A8: Nb gaps critiques non traites | B8: =COUNTIFS('05_GAP_ANALYSIS'!H:H,"🔴*",'05_GAP_ANALYSIS'!J:J,"Non traite") -> 4 | C8: 0 | D8: =IF(B8>=C8,"🟢 OK",IF(B8>=C8*0.8,"🟡 Sous cible","🔴 Alerte")) -> 🟢 OK
A9: Score moyen competences | B9: =IFERROR(AVERAGE('04_MATRICE_SKILLS'!I:I),0) -> 3.0817757 | C9: 3.5 | D9: =IF(B9>=C9,"🟢 OK",IF(B9>=C9*0.8,"🟡 Sous cible","🔴 Alerte")) -> 🟡 Sous cible
A10: Postes critiques avec successeur | B10: =IFERROR(COUNTIFS('06_SUCCESSION'!E:E,"Critique",'06_SUCCESSION'!G:G,"<>")/COUNTIF('06_SUCCESSION'!E:E,"Critique"),0) -> 1 | C10: 1 | D10: =IF(B10>=C10,"🟢 OK",IF(B10>=C10*0.8,"🟡 Sous cible","🔴 Alerte")) -> 🟢 OK
A11: Budget formation consomme | B11: =IFERROR(SUM('08_BUDGET'!D:D)/SUM('08_BUDGET'!B:B),0) -> 0.12400125 | C11: 0.9 | D11: =IF(B11>=C11,"🟢 OK",IF(B11>=C11*0.8,"🟡 Sous cible","🔴 Alerte")) -> 🔴 Alerte
A12: Employes evalues <12 mois | B12: =COUNTIFS('04_MATRICE_SKILLS'!N:N,">="&TODAY()-365) -> 427 | C12: 50 | D12: =IF(B12>=C12,"🟢 OK",IF(B12>=C12*0.8,"🟡 Sous cible","🔴 Alerte")) -> 🟢 OK
A13: Score qualite donnees | B13: =IFERROR(COUNTIF('11_CONTROLES'!F5:F27,"✅*")/COUNTA('11_CONTROLES'!F5:F27),0) -> 0.73913043 | C13: 0.9 | D13: =IF(B13>=C13,"🟢 OK",IF(B13>=C13*0.8,"🟡 Sous cible","🔴 Alerte")) -> 🟡 Sous cible
A17: REPARTITION PAR SITE
A18: Site | B18: Effectif | C18: Score moyen | D18: Taux couverture | E18: Gaps critiques
A19: Villaroche (77) | B19: =COUNTIF('03_ANNUAIRE'!D:D,A19) -> 12 | C19: =IFERROR(AVERAGEIF('04_MATRICE_SKILLS'!D:D,A19,'04_MATRICE_SKILLS'!I:I),0) -> 2.9130435 | D19: =IFERROR(COUNTIFS('04_MATRICE_SKILLS'!D:D,A19,'04_MATRICE_SKILLS'!L:L,"Conforme")/MAX(COUNTIF('04_MATRICE_SKILLS'!D:D,A19),1),0) -> 0.55434783 | E19: =COUNTIFS('05_GAP_ANALYSIS'!D:D,A19,'05_GAP_ANALYSIS'!H:H,"🔴*") -> 0
A20: Gennevilliers (92) | B20: =COUNTIF('03_ANNUAIRE'!D:D,A20) -> 12 | C20: =IFERROR(AVERAGEIF('04_MATRICE_SKILLS'!D:D,A20,'04_MATRICE_SKILLS'!I:I),0) -> 2.9659091 | D20: =IFERROR(COUNTIFS('04_MATRICE_SKILLS'!D:D,A20,'04_MATRICE_SKILLS'!L:L,"Conforme")/MAX(COUNTIF('04_MATRICE_SKILLS'!D:D,A20),1),0) -> 0.57954545 | E20: =COUNTIFS('05_GAP_ANALYSIS'!D:D,A20,'05_GAP_ANALYSIS'!H:H,"🔴*") -> 1
A21: Chatellerault (86) | B21: =COUNTIF('03_ANNUAIRE'!D:D,A21) -> 12 | C21: =IFERROR(AVERAGEIF('04_MATRICE_SKILLS'!D:D,A21,'04_MATRICE_SKILLS'!I:I),0) -> 3.0705882 | D21: =IFERROR(COUNTIFS('04_MATRICE_SKILLS'!D:D,A21,'04_MATRICE_SKILLS'!L:L,"Conforme")/MAX(COUNTIF('04_MATRICE_SKILLS'!D:D,A21),1),0) -> 0.63529412 | E21: =COUNTIFS('05_GAP_ANALYSIS'!D:D,A21,'05_GAP_ANALYSIS'!H:H,"🔴*") -> 0
A22: Bordes (64) | B22: =COUNTIF('03_ANNUAIRE'!D:D,A22) -> 12 | C22: =IFERROR(AVERAGEIF('04_MATRICE_SKILLS'!D:D,A22,'04_MATRICE_SKILLS'!I:I),0) -> 3.4567901 | D22: =IFERROR(COUNTIFS('04_MATRICE_SKILLS'!D:D,A22,'04_MATRICE_SKILLS'!L:L,"Conforme")/MAX(COUNTIF('04_MATRICE_SKILLS'!D:D,A22),1),0) -> 0.60493827 | E22: =COUNTIFS('05_GAP_ANALYSIS'!D:D,A22,'05_GAP_ANALYSIS'!H:H,"🔴*") -> 0
A23: Istres (13) | B23: =COUNTIF('03_ANNUAIRE'!D:D,A23) -> 12 | C23: =IFERROR(AVERAGEIF('04_MATRICE_SKILLS'!D:D,A23,'04_MATRICE_SKILLS'!I:I),0) -> 3.0365854 | D23: =IFERROR(COUNTIFS('04_MATRICE_SKILLS'!D:D,A23,'04_MATRICE_SKILLS'!L:L,"Conforme")/MAX(COUNTIF('04_MATRICE_SKILLS'!D:D,A23),1),0) -> 0.59756098 | E23: =COUNTIFS('05_GAP_ANALYSIS'!D:D,A23,'05_GAP_ANALYSIS'!H:H,"🔴*") -> 3
A26: TOP 10 COMPETENCES A RISQUE
A27: Competence | B27: Score risque | C27: Priorite
A28: {=IFERROR(INDEX(_xlfn.SORTBY('14_MATRICE_RISQUES'!B$5:B$24,'14_MATRICE_RISQUES'!L$5:L$24,-1),1),"")} -> Soudure faisceau electrons | B28: {=IFERROR(INDEX(_xlfn.SORTBY('14_MATRICE_RISQUES'!L$5:L$24,'14_MATRICE_RISQUES'!L$5:L$24,-1),1),0)} -> 100 | C28: =IF(B28>=70,"🔴 Critique",IF(B28>=50,"🟠 Haute",IF(B28>=30,"🟡 Moyenne","🟢 Basse"))) -> 🔴 Critique
A29: {=IFERROR(INDEX(_xlfn.SORTBY('14_MATRICE_RISQUES'!B$5:B$24,'14_MATRICE_RISQUES'!L$5:L$24,-1),2),"")} -> Usinage CN 5 axes | B29: {=IFERROR(INDEX(_xlfn.SORTBY('14_MATRICE_RISQUES'!L$5:L$24,'14_MATRICE_RISQUES'!L$5:L$24,-1),2),0)} -> 84 | C29: =IF(B29>=70,"🔴 Critique",IF(B29>=50,"🟠 Haute",IF(B29>=30,"🟡 Moyenne","🟢 Basse"))) -> 🔴 Critique
A30: {=IFERROR(INDEX(_xlfn.SORTBY('14_MATRICE_RISQUES'!B$5:B$24,'14_MATRICE_RISQUES'!L$5:L$24,-1),3),"")} -> Programmation FAO CATIA Mfg | B30: {=IFERROR(INDEX(_xlfn.SORTBY('14_MATRICE_RISQUES'!L$5:L$24,'14_MATRICE_RISQUES'!L$5:L$24,-1),3),0)} -> 68 | C30: =IF(B30>=70,"🔴 Critique",IF(B30>=50,"🟠 Haute",IF(B30>=30,"🟡 Moyenne","🟢 Basse"))) -> 🟠 Haute
A31: {=IFERROR(INDEX(_xlfn.SORTBY('14_MATRICE_RISQUES'!B$5:B$24,'14_MATRICE_RISQUES'!L$5:L$24,-1),4),"")} -> Rectification de precision | B31: {=IFERROR(INDEX(_xlfn.SORTBY('14_MATRICE_RISQUES'!L$5:L$24,'14_MATRICE_RISQUES'!L$5:L$24,-1),4),0)} -> 51 | C31: =IF(B31>=70,"🔴 Critique",IF(B31>=50,"🟠 Haute",IF(B31>=30,"🟡 Moyenne","🟢 Basse"))) -> 🟠 Haute
A32: {=IFERROR(INDEX(_xlfn.SORTBY('14_MATRICE_RISQUES'!B$5:B$24,'14_MATRICE_RISQUES'!L$5:L$24,-1),5),"")} -> Electroerosion EDM | B32: {=IFERROR(INDEX(_xlfn.SORTBY('14_MATRICE_RISQUES'!L$5:L$24,'14_MATRICE_RISQUES'!L$5:L$24,-1),5),0)} -> 51 | C32: =IF(B32>=70,"🔴 Critique",IF(B32>=50,"🟠 Haute",IF(B32>=30,"🟡 Moyenne","🟢 Basse"))) -> 🟠 Haute
A33: {=IFERROR(INDEX(_xlfn.SORTBY('14_MATRICE_RISQUES'!B$5:B$24,'14_MATRICE_RISQUES'!L$5:L$24,-1),6),"")} -> Magnetoscopie MT Niveau 2 | B33: {=IFERROR(INDEX(_xlfn.SORTBY('14_MATRICE_RISQUES'!L$5:L$24,'14_MATRICE_RISQUES'!L$5:L$24,-1),6),0)} -> 40 | C33: =IF(B33>=70,"🔴 Critique",IF(B33>=50,"🟠 Haute",IF(B33>=30,"🟡 Moyenne","🟢 Basse"))) -> 🟡 Moyenne
A34: {=IFERROR(INDEX(_xlfn.SORTBY('14_MATRICE_RISQUES'!B$5:B$24,'14_MATRICE_RISQUES'!L$5:L$24,-1),7),"")} -> Ultrasons UT Niveau 2 | B34: {=IFERROR(INDEX(_xlfn.SORTBY('14_MATRICE_RISQUES'!L$5:L$24,'14_MATRICE_RISQUES'!L$5:L$24,-1),7),0)} -> 40 | C34: =IF(B34>=70,"🔴 Critique",IF(B34>=50,"🟠 Haute",IF(B34>=30,"🟡 Moyenne","🟢 Basse"))) -> 🟡 Moyenne
A35: {=IFERROR(INDEX(_xlfn.SORTBY('14_MATRICE_RISQUES'!B$5:B$24,'14_MATRICE_RISQUES'!L$5:L$24,-1),8),"")} -> Radiographie RT Niveau 2 | B35: {=IFERROR(INDEX(_xlfn.SORTBY('14_MATRICE_RISQUES'!L$5:L$24,'14_MATRICE_RISQUES'!L$5:L$24,-1),8),0)} -> 40 | C35: =IF(B35>=70,"🔴 Critique",IF(B35>=50,"🟠 Haute",IF(B35>=30,"🟡 Moyenne","🟢 Basse"))) -> 🟡 Moyenne
A36: {=IFERROR(INDEX(_xlfn.SORTBY('14_MATRICE_RISQUES'!B$5:B$24,'14_MATRICE_RISQUES'!L$5:L$24,-1),9),"")} -> Brasage aeronautique | B36: {=IFERROR(INDEX(_xlfn.SORTBY('14_MATRICE_RISQUES'!L$5:L$24,'14_MATRICE_RISQUES'!L$5:L$24,-1),9),0)} -> 38 | C36: =IF(B36>=70,"🔴 Critique",IF(B36>=50,"🟠 Haute",IF(B36>=30,"🟡 Moyenne","🟢 Basse"))) -> 🟡 Moyenne
A37: {=IFERROR(INDEX(_xlfn.SORTBY('14_MATRICE_RISQUES'!B$5:B$24,'14_MATRICE_RISQUES'!L$5:L$24,-1),10),"")} -> Shot peening controle | B37: {=IFERROR(INDEX(_xlfn.SORTBY('14_MATRICE_RISQUES'!L$5:L$24,'14_MATRICE_RISQUES'!L$5:L$24,-1),10),0)} -> 38 | C37: =IF(B37>=70,"🔴 Critique",IF(B37>=50,"🟠 Haute",IF(B37>=30,"🟡 Moyenne","🟢 Basse"))) -> 🟡 Moyenne

Sheet 11_CONTROLES
A1: Controles de coherence
A2: Vingt-trois verifications de qualite de donnees
A3: Score qualite donnees | E3: =ROUND((COUNTIF(F5:F27,"✅*")/COUNTA(F5:F27))*100,0)&"/100" -> 74/100 | F3: =IF(VALUE(LEFT(E3,FIND("/",E3)-1))=100,"🟢 Excellent",IF(VALUE(LEFT(E3,FIND("/",E3)-1))>=80,"🟡 Bon","🔴 Insuffisant")) -> 🔴 Insuffisant
A4: # | B4: Categorie | C4: Controle | D4: Severite | E4: Nb anomalies | F4: Resultat | G4: Detail
A5: 1 | B5: Integrite | C5: Employes de la matrice presents dans l'annuaire | D5: Bloquant | E5: =SUMPRODUCT((COUNTIF('03_ANNUAIRE'!A:A,'04_MATRICE_SKILLS'!B5:B500)=0)*('04_MATRICE_SKILLS'!B5:B500<>"")) -> 0 | F5: =IF(E5=0,"✅ OK","❌ ECHEC ("&E5&" anomalie(s))") -> ✅ OK | G5: Employes orphelins
A6: 2 | B6: Integrite | C6: Competences de la matrice presentes dans le referentiel | D6: Bloquant | E6: =SUMPRODUCT((COUNTIF('02_REF_COMPETENCES'!A:A,'04_MATRICE_SKILLS'!F5:F500)=0)*('04_MATRICE_SKILLS'!F5:F500<>"")) -> 0 | F6: =IF(E6=0,"✅ OK","❌ ECHEC ("&E6&" anomalie(s))") -> ✅ OK | G6: Competences non referencees
A7: 3 | B7: Integrite | C7: Pas de doublon ID employe | D7: Bloquant | E7: =SUMPRODUCT((COUNTIF('03_ANNUAIRE'!A5:A200,'03_ANNUAIRE'!A5:A200)>1)*('03_ANNUAIRE'!A5:A200<>""))/2 -> 0 | F7: =IF(E7=0,"✅ OK","❌ ECHEC ("&E7&" anomalie(s))") -> ✅ OK | G7: Doublons employes
A8: 4 | B8: Integrite | C8: Pas de doublon ID competence | D8: Bloquant | E8: =SUMPRODUCT((COUNTIF('02_REF_COMPETENCES'!A5:A200,'02_REF_COMPETENCES'!A5:A200)>1)*('02_REF_COMPETENCES'!A5:A200<>""))/2 -> 0 | F8: =IF(E8=0,"✅ OK","❌ ECHEC ("&E8&" anomalie(s))") -> ✅ OK | G8: Doublons competences
A9: 5 | B9: Integrite | C9: Pas de doublon employe x competence | D9: Bloquant | E9: =SUMPRODUCT((COUNTIFS('04_MATRICE_SKILLS'!B5:B500,'04_MATRICE_SKILLS'!B5:B500,'04_MATRICE_SKILLS'!F5:F500,'04_MATRICE_SKILLS'!F5:F500)>1)*('04_MATRICE_SKILLS'!B5:B500<>""))/2 -> 0 | F9: =IF(E9=0,"✅ OK","❌ ECHEC ("&E9&" anomalie(s))") -> ✅ OK | G9: Doublons matrice
A10: 6 | B10: Coherence | C10: Niveaux entre 0 et 5 | D10: Bloquant | E10: =COUNTIF('04_MATRICE_SKILLS'!I:I,">5")+COUNTIF('04_MATRICE_SKILLS'!I:I,"<0") -> 0 | F10: =IF(E10=0,"✅ OK","❌ ECHEC ("&E10&" anomalie(s))") -> ✅ OK | G10: Niveaux hors plage
A11: 7 | B11: Coherence | C11: Niveaux requis renseignes sur lignes requises | D11: Important | E11: =COUNTIFS('04_MATRICE_SKILLS'!J:J,"",'04_MATRICE_SKILLS'!L:L,"<>Bonus") -> 1048147 | F11: =IF(E11=0,"✅ OK","❌ ECHEC ("&E11&" anomalie(s))") -> ❌ ECHEC (1048147 anomalie(s)) | G11: Requis manquants
A12: 8 | B12: Coherence | C12: Employes actifs avec au moins 1 evaluation | D12: Important | E12: =COUNTIFS('03_ANNUAIRE'!K:K,"Actif",'03_ANNUAIRE'!M:M,0) -> 0 | F12: =IF(E12=0,"✅ OK","❌ ECHEC ("&E12&" anomalie(s))") -> ✅ OK | G12: Employes non evalues
A13: 9 | B13: Coherence | C13: Competences critiques avec 0 titulaire qualifie | D13: Bloquant | E13: =COUNTIFS('02_REF_COMPETENCES'!N:N,"Critique",'02_REF_COMPETENCES'!P:P,0) -> 0 | F13: =IF(E13=0,"✅ OK","❌ ECHEC ("&E13&" anomalie(s))") -> ✅ OK | G13: Ruptures critiques
A14: 10 | B14: Coherence | C14: Surqualification systemique > 50% | D14: Attention | E14: =IF(COUNTIF('05_GAP_ANALYSIS'!H:H,"🟢*")/MAX(COUNTA('05_GAP_ANALYSIS'!H:H),1)<0.5,1,0) -> 0 | F14: =IF(E14=0,"✅ OK","❌ ECHEC ("&E14&" anomalie(s))") -> ✅ OK | G14: Possible tension globale
A15: 11 | B15: Couverture | C15: Postes critiques avec successeur identifie | D15: Important | E15: =COUNTIFS('06_SUCCESSION'!E:E,"Critique",'06_SUCCESSION'!G:G,"") -> 0 | F15: =IF(E15=0,"✅ OK","❌ ECHEC ("&E15&" anomalie(s))") -> ✅ OK | G15: Successeurs manquants
A16: 12 | B16: Couverture | C16: Couverture critiques >= 80% | D16: Bloquant | E16: =COUNTIFS('02_REF_COMPETENCES'!N:N,"Critique",'02_REF_COMPETENCES'!X:X,"<0.8") -> 0 | F16: =IF(E16=0,"✅ OK","❌ ECHEC ("&E16&" anomalie(s))") -> ✅ OK | G16: Competences critiques sous-couvertes
A17: 13 | B17: Couverture | C17: Chaque site couvre des competences critiques | D17: Important | E17: =COUNTIF('10_DASHBOARD_KPI'!E19:E23,0) -> 3 | F17: =IF(E17=0,"✅ OK","❌ ECHEC ("&E17&" anomalie(s))") -> ❌ ECHEC (3 anomalie(s)) | G17: Sites sans couverture critique
A18: 14 | B18: Gaps | C18: Aucun gap critique non traite | D18: Bloquant | E18: =COUNTIFS('05_GAP_ANALYSIS'!H:H,"🔴*",'05_GAP_ANALYSIS'!J:J,"Non traite") -> 4 | F18: =IF(E18=0,"✅ OK","❌ ECHEC ("&E18&" anomalie(s))") -> ❌ ECHEC (4 anomalie(s)) | G18: Gaps critiques ouverts
A19: 15 | B19: Gaps | C19: Plan de formation sur gaps prioritaires | D19: Important | E19: =COUNTIFS('05_GAP_ANALYSIS'!H:H,"🔴*",'05_GAP_ANALYSIS'!K:K,"") -> 0 | F19: =IF(E19=0,"✅ OK","❌ ECHEC ("&E19&" anomalie(s))") -> ✅ OK | G19: Gaps sans plan
A20: 16 | B20: Budget | C20: Pas de depassement budgetaire | D20: Attention | E20: =COUNTIF('08_BUDGET'!H:H,"*Depassement*") -> 0 | F20: =IF(E20=0,"✅ OK","❌ ECHEC ("&E20&" anomalie(s))") -> ✅ OK | G20: Lignes budget depassees
A21: 17 | B21: Budget | C21: Budget engage coherent avec le plan | D21: Attention | E21: =IF(ABS(SUM('07_PLAN_FORMATION'!N:N)-SUM('08_BUDGET'!D:D))>100,1,0) -> 0 | F21: =IF(E21=0,"✅ OK","❌ ECHEC ("&E21&" anomalie(s))") -> ✅ OK | G21: Ecart entre budget et plan
A22: 18 | B22: Temporel | C22: Evaluations < 12 mois | D22: Attention | E22: =COUNTIFS('04_MATRICE_SKILLS'!N:N,"<"&TODAY()-365,'04_MATRICE_SKILLS'!N:N,"<>") -> 1 | F22: =IF(E22=0,"✅ OK","❌ ECHEC ("&E22&" anomalie(s))") -> ❌ ECHEC (1 anomalie(s)) | G22: Evaluations obsoletes
A23: 19 | B23: Temporel | C23: Sessions passees non mises a jour | D23: Attention | E23: =COUNTIFS('07_PLAN_FORMATION'!G:G,"<"&TODAY(),'07_PLAN_FORMATION'!S:S,"Planifie") -> 0 | F23: =IF(E23=0,"✅ OK","❌ ECHEC ("&E23&" anomalie(s))") -> ✅ OK | G23: Sessions a requalifier
A24: 20 | B24: Qualite | C24: Champs obligatoires matrice complets | D24: Important | E24: =COUNTBLANK('04_MATRICE_SKILLS'!B5:B500) -> 68 | F24: =IF(E24=0,"✅ OK","❌ ECHEC ("&E24&" anomalie(s))") -> ❌ ECHEC (68 anomalie(s)) | G24: ID employe manquants
A25: 21 | B25: Qualite | C25: Justification sur niveaux >=4 | D25: Attention | E25: =COUNTIFS('04_MATRICE_SKILLS'!I:I,">="&4,'04_MATRICE_SKILLS'!O:O,"") -> 0 | F25: =IF(E25=0,"✅ OK","❌ ECHEC ("&E25&" anomalie(s))") -> ✅ OK | G25: Commentaires manquants
A26: 22 | B26: Qualite | C26: Source d'evaluation renseignee | D26: Attention | E26: =COUNTIFS('04_MATRICE_SKILLS'!M:M,"",'04_MATRICE_SKILLS'!I:I,">0") -> 0 | F26: =IF(E26=0,"✅ OK","❌ ECHEC ("&E26&" anomalie(s))") -> ✅ OK | G26: Sources manquantes
A27: 23 | B27: Qualite | C27: Plans de succession recents | D27: Important | E27: =COUNTIFS('06_SUCCESSION'!E:E,"Critique",'06_SUCCESSION'!L:L,"<"&TODAY()-180) -> 1 | F27: =IF(E27=0,"✅ OK","❌ ECHEC ("&E27&" anomalie(s))") -> ❌ ECHEC (1 anomalie(s)) | G27: Plans obsoletes

Sheet 12_NOTES_REGLEMENTAIRES
A1: Notes reglementaires
A2: References normatives et points d'attention conformite
A4: Reference | B4: Theme | C4: Perimetre | D4: Note
A5: EN 9100 | B5: Systeme qualite | C5: Qualite / production | D5: Cadre qualite aeronautique de reference pour audit, competences et tracabilite.
A6: AS9102 | B6: FAI | C6: Industrialisation | D6: Impose la robustesse des donnees de premiere piece et la maitrise documentaire.
A7: NAS 410 / EN 4179 | B7: CND/NDT | C7: Controle non destructif | D7: Qualification indispensable pour PT, MT, UT, RT et ET.
A8: AMS 2750 | B8: Traitement thermique | C8: Fours et pyrometrie | D8: Competence critique liee a la conformite NADCAP.
A9: EASA PART 21 | B9: Production | C9: Entreprise | D9: Competences critiques a piloter sur postes clefs et liberations.
A10: ISO 1101 / ASME Y14.5 | B10: Cotation | C10: Bureau d'etudes | D10: Base de convergence entre conception et fabrication.
A11: ARP4761 | B11: Analyse de risque | C11: Ingenierie | D11: Support aux analyses AMDEC/FMEA et plans de mitigation.

Sheet 13_EXPORT_RAPPORT
A1: NEURAL - Rapport cartographie des competences
A2: Support d'export PDF et synthese executive
A4: SYNTHESE EXECUTIVE
A6: Effectif total evalue | D6: =COUNTA('03_ANNUAIRE'!A5:A64) -> 60
A7: Taux de couverture global | D7: ='10_DASHBOARD_KPI'!B6 -> 0.58932715
A8: Competences critiques couvertes | D8: ='10_DASHBOARD_KPI'!B7 -> 0
A9: Gaps critiques non traites | D9: ='10_DASHBOARD_KPI'!B8 -> 4
A10: Score qualite donnees | D10: ='10_DASHBOARD_KPI'!B13 -> 0.73913043
A11: Budget formation consomme | D11: ='10_DASHBOARD_KPI'!B11 -> 0.12400125
A14: ALERTES CRITIQUES
A16: - Competences critiques a couverture inferieure a 80%
A17: - Gaps critiques non traites
A18: - Plans de succession manquants ou obsoletes
A19: - Depassements budgetaires potentiels
A22: RECOMMANDATIONS
A24: 0-30 jours : traiter les gaps critiques et rafraichir les evaluations obsoletes.
A25: 30-90 jours : lancer les formations prioritaires et renforcer les plans de succession.
A26: 90-180 jours : harmoniser les pratiques inter-sites et industrialiser la polyvalence.

Sheet 14_MATRICE_RISQUES
A1: Matrice des risques competences
A2: Scoring multicritere sur les competences les plus sensibles
A4: ID | B4: Competence | C4: Categorie | D4: Criticite | E4: Tx couverture | F4: Nb titulaires | G4: Nb postes | H4: Substituabilite | I4: Impact | J4: Score brut | K4: Mitigation | L4: Score net | M4: Priorite | N4: Action recommandee
A5: =IF('02_REF_COMPETENCES'!A5<>"",'02_REF_COMPETENCES'!A5,"") -> COMP-001 | B5: =IF(A5="","",'02_REF_COMPETENCES'!B5) -> Soudure TIG aeronautique | C5: =IF(A5="","",'02_REF_COMPETENCES'!C5) -> Procedes speciaux | D5: =IF(A5="","",'02_REF_COMPETENCES'!E5) -> 5 | E5: =IF(A5="","",'02_REF_COMPETENCES'!X5) -> 1.3333333 | F5: =IF(A5="","",'02_REF_COMPETENCES'!P5) -> 8 | G5: =IF(A5="","",'02_REF_COMPETENCES'!Q5) -> 6 | H5: =IF(F5<=1,5,IF(F5<=3,4,IF(F5<=5,3,IF(F5<=10,2,1)))) -> 2 | I5: =IF(D5>=5,5,IF(D5>=4,4,IF(D5>=3,3,2))) -> 5 | J5: =ROUND(D5*(5-MIN(E5,1)*5+1)*H5*I5/25*20,0) -> 40 | K5: =IF(COUNTIFS('07_PLAN_FORMATION'!B:B,B5,'07_PLAN_FORMATION'!S:S,"Planifie")>0,"Oui","Non") -> Oui | L5: =ROUND(J5*IF(K5="Oui",0.6,1),0) -> 24 | M5: =IF(L5>=70,"🔴 Critique",IF(L5>=50,"🟠 Haute",IF(L5>=30,"🟡 Moyenne",IF(L5>=15,"🔵 Basse","🟢 Maitrise")))) -> 🔵 Basse | N5: =IF(L5>=70,"Recrutement + formation express",IF(L5>=50,"Planifier formation sous 30 jours",IF(L5>=30,"Integrer au plan semestriel","Surveillance normale"))) -> Surveillance normale
A6: =IF('02_REF_COMPETENCES'!A6<>"",'02_REF_COMPETENCES'!A6,"") -> COMP-002 | B6: =IF(A6="","",'02_REF_COMPETENCES'!B6) -> Soudure MIG/MAG aeronautique | C6: =IF(A6="","",'02_REF_COMPETENCES'!C6) -> Procedes speciaux | D6: =IF(A6="","",'02_REF_COMPETENCES'!E6) -> 4 | E6: =IF(A6="","",'02_REF_COMPETENCES'!X6) -> 1.1666667 | F6: =IF(A6="","",'02_REF_COMPETENCES'!P6) -> 7 | G6: =IF(A6="","",'02_REF_COMPETENCES'!Q6) -> 6 | H6: =IF(F6<=1,5,IF(F6<=3,4,IF(F6<=5,3,IF(F6<=10,2,1)))) -> 2 | I6: =IF(D6>=5,5,IF(D6>=4,4,IF(D6>=3,3,2))) -> 4 | J6: =ROUND(D6*(5-MIN(E6,1)*5+1)*H6*I6/25*20,0) -> 26 | K6: =IF(COUNTIFS('07_PLAN_FORMATION'!B:B,B6,'07_PLAN_FORMATION'!S:S,"Planifie")>0,"Oui","Non") -> Non | L6: =ROUND(J6*IF(K6="Oui",0.6,1),0) -> 26 | M6: =IF(L6>=70,"🔴 Critique",IF(L6>=50,"🟠 Haute",IF(L6>=30,"🟡 Moyenne",IF(L6>=15,"🔵 Basse","🟢 Maitrise")))) -> 🔵 Basse | N6: =IF(L6>=70,"Recrutement + formation express",IF(L6>=50,"Planifier formation sous 30 jours",IF(L6>=30,"Integrer au plan semestriel","Surveillance normale"))) -> Surveillance normale
A7: =IF('02_REF_COMPETENCES'!A7<>"",'02_REF_COMPETENCES'!A7,"") -> COMP-003 | B7: =IF(A7="","",'02_REF_COMPETENCES'!B7) -> Soudure faisceau electrons | C7: =IF(A7="","",'02_REF_COMPETENCES'!C7) -> Procedes speciaux | D7: =IF(A7="","",'02_REF_COMPETENCES'!E7) -> 5 | E7: =IF(A7="","",'02_REF_COMPETENCES'!X7) -> 1 | F7: =IF(A7="","",'02_REF_COMPETENCES'!P7) -> 1 | G7: =IF(A7="","",'02_REF_COMPETENCES'!Q7) -> 0 | H7: =IF(F7<=1,5,IF(F7<=3,4,IF(F7<=5,3,IF(F7<=10,2,1)))) -> 5 | I7: =IF(D7>=5,5,IF(D7>=4,4,IF(D7>=3,3,2))) -> 5 | J7: =ROUND(D7*(5-MIN(E7,1)*5+1)*H7*I7/25*20,0) -> 100 | K7: =IF(COUNTIFS('07_PLAN_FORMATION'!B:B,B7,'07_PLAN_FORMATION'!S:S,"Planifie")>0,"Oui","Non") -> Non | L7: =ROUND(J7*IF(K7="Oui",0.6,1),0) -> 100 | M7: =IF(L7>=70,"🔴 Critique",IF(L7>=50,"🟠 Haute",IF(L7>=30,"🟡 Moyenne",IF(L7>=15,"🔵 Basse","🟢 Maitrise")))) -> 🔴 Critique | N7: =IF(L7>=70,"Recrutement + formation express",IF(L7>=50,"Planifier formation sous 30 jours",IF(L7>=30,"Integrer au plan semestriel","Surveillance normale"))) -> Recrutement + formation express
A8: =IF('02_REF_COMPETENCES'!A8<>"",'02_REF_COMPETENCES'!A8,"") -> COMP-004 | B8: =IF(A8="","",'02_REF_COMPETENCES'!B8) -> Brasage aeronautique | C8: =IF(A8="","",'02_REF_COMPETENCES'!C8) -> Procedes speciaux | D8: =IF(A8="","",'02_REF_COMPETENCES'!E8) -> 4 | E8: =IF(A8="","",'02_REF_COMPETENCES'!X8) -> 1.6666667 | F8: =IF(A8="","",'02_REF_COMPETENCES'!P8) -> 5 | G8: =IF(A8="","",'02_REF_COMPETENCES'!Q8) -> 3 | H8: =IF(F8<=1,5,IF(F8<=3,4,IF(F8<=5,3,IF(F8<=10,2,1)))) -> 3 | I8: =IF(D8>=5,5,IF(D8>=4,4,IF(D8>=3,3,2))) -> 4 | J8: =ROUND(D8*(5-MIN(E8,1)*5+1)*H8*I8/25*20,0) -> 38 | K8: =IF(COUNTIFS('07_PLAN_FORMATION'!B:B,B8,'07_PLAN_FORMATION'!S:S,"Planifie")>0,"Oui","Non") -> Non | L8: =ROUND(J8*IF(K8="Oui",0.6,1),0) -> 38 | M8: =IF(L8>=70,"🔴 Critique",IF(L8>=50,"🟠 Haute",IF(L8>=30,"🟡 Moyenne",IF(L8>=15,"🔵 Basse","🟢 Maitrise")))) -> 🟡 Moyenne | N8: =IF(L8>=70,"Recrutement + formation express",IF(L8>=50,"Planifier formation sous 30 jours",IF(L8>=30,"Integrer au plan semestriel","Surveillance normale"))) -> Integrer au plan semestriel
A9: =IF('02_REF_COMPETENCES'!A9<>"",'02_REF_COMPETENCES'!A9,"") -> COMP-005 | B9: =IF(A9="","",'02_REF_COMPETENCES'!B9) -> Ressuage PT Niveau 2 | C9: =IF(A9="","",'02_REF_COMPETENCES'!C9) -> CND/NDT | D9: =IF(A9="","",'02_REF_COMPETENCES'!E9) -> 4 | E9: =IF(A9="","",'02_REF_COMPETENCES'!X9) -> 0.86666667 | F9: =IF(A9="","",'02_REF_COMPETENCES'!P9) -> 13 | G9: =IF(A9="","",'02_REF_COMPETENCES'!Q9) -> 15 | H9: =IF(F9<=1,5,IF(F9<=3,4,IF(F9<=5,3,IF(F9<=10,2,1)))) -> 1 | I9: =IF(D9>=5,5,IF(D9>=4,4,IF(D9>=3,3,2))) -> 4 | J9: =ROUND(D9*(5-MIN(E9,1)*5+1)*H9*I9/25*20,0) -> 21 | K9: =IF(COUNTIFS('07_PLAN_FORMATION'!B:B,B9,'07_PLAN_FORMATION'!S:S,"Planifie")>0,"Oui","Non") -> Oui | L9: =ROUND(J9*IF(K9="Oui",0.6,1),0) -> 13 | M9: =IF(L9>=70,"🔴 Critique",IF(L9>=50,"🟠 Haute",IF(L9>=30,"🟡 Moyenne",IF(L9>=15,"🔵 Basse","🟢 Maitrise")))) -> 🟢 Maitrise | N9: =IF(L9>=70,"Recrutement + formation express",IF(L9>=50,"Planifier formation sous 30 jours",IF(L9>=30,"Integrer au plan semestriel","Surveillance normale"))) -> Surveillance normale
A10: =IF('02_REF_COMPETENCES'!A10<>"",'02_REF_COMPETENCES'!A10,"") -> COMP-006 | B10: =IF(A10="","",'02_REF_COMPETENCES'!B10) -> Magnetoscopie MT Niveau 2 | C10: =IF(A10="","",'02_REF_COMPETENCES'!C10) -> CND/NDT | D10: =IF(A10="","",'02_REF_COMPETENCES'!E10) -> 4 | E10: =IF(A10="","",'02_REF_COMPETENCES'!X10) -> 0.88888889 | F10: =IF(A10="","",'02_REF_COMPETENCES'!P10) -> 8 | G10: =IF(A10="","",'02_REF_COMPETENCES'!Q10) -> 9 | H10: =IF(F10<=1,5,IF(F10<=3,4,IF(F10<=5,3,IF(F10<=10,2,1)))) -> 2 | I10: =IF(D10>=5,5,IF(D10>=4,4,IF(D10>=3,3,2))) -> 4 | J10: =ROUND(D10*(5-MIN(E10,1)*5+1)*H10*I10/25*20,0) -> 40 | K10: =IF(COUNTIFS('07_PLAN_FORMATION'!B:B,B10,'07_PLAN_FORMATION'!S:S,"Planifie")>0,"Oui","Non") -> Non | L10: =ROUND(J10*IF(K10="Oui",0.6,1),0) -> 40 | M10: =IF(L10>=70,"🔴 Critique",IF(L10>=50,"🟠 Haute",IF(L10>=30,"🟡 Moyenne",IF(L10>=15,"🔵 Basse","🟢 Maitrise")))) -> 🟡 Moyenne | N10: =IF(L10>=70,"Recrutement + formation express",IF(L10>=50,"Planifier formation sous 30 jours",IF(L10>=30,"Integrer au plan semestriel","Surveillance normale"))) -> Integrer au plan semestriel
A11: =IF('02_REF_COMPETENCES'!A11<>"",'02_REF_COMPETENCES'!A11,"") -> COMP-007 | B11: =IF(A11="","",'02_REF_COMPETENCES'!B11) -> Ultrasons UT Niveau 2 | C11: =IF(A11="","",'02_REF_COMPETENCES'!C11) -> CND/NDT | D11: =IF(A11="","",'02_REF_COMPETENCES'!E11) -> 5 | E11: =IF(A11="","",'02_REF_COMPETENCES'!X11) -> 1.1666667 | F11: =IF(A11="","",'02_REF_COMPETENCES'!P11) -> 7 | G11: =IF(A11="","",'02_REF_COMPETENCES'!Q11) -> 6 | H11: =IF(F11<=1,5,IF(F11<=3,4,IF(F11<=5,3,IF(F11<=10,2,1)))) -> 2 | I11: =IF(D11>=5,5,IF(D11>=4,4,IF(D11>=3,3,2))) -> 5 | J11: =ROUND(D11*(5-MIN(E11,1)*5+1)*H11*I11/25*20,0) -> 40 | K11: =IF(COUNTIFS('07_PLAN_FORMATION'!B:B,B11,'07_PLAN_FORMATION'!S:S,"Planifie")>0,"Oui","Non") -> Non | L11: =ROUND(J11*IF(K11="Oui",0.6,1),0) -> 40 | M11: =IF(L11>=70,"🔴 Critique",IF(L11>=50,"🟠 Haute",IF(L11>=30,"🟡 Moyenne",IF(L11>=15,"🔵 Basse","🟢 Maitrise")))) -> 🟡 Moyenne | N11: =IF(L11>=70,"Recrutement + formation express",IF(L11>=50,"Planifier formation sous 30 jours",IF(L11>=30,"Integrer au plan semestriel","Surveillance normale"))) -> Integrer au plan semestriel
A12: =IF('02_REF_COMPETENCES'!A12<>"",'02_REF_COMPETENCES'!A12,"") -> COMP-008 | B12: =IF(A12="","",'02_REF_COMPETENCES'!B12) -> Radiographie RT Niveau 2 | C12: =IF(A12="","",'02_REF_COMPETENCES'!C12) -> CND/NDT | D12: =IF(A12="","",'02_REF_COMPETENCES'!E12) -> 5 | E12: =IF(A12="","",'02_REF_COMPETENCES'!X12) -> 1 | F12: =IF(A12="","",'02_REF_COMPETENCES'!P12) -> 6 | G12: =IF(A12="","",'02_REF_COMPETENCES'!Q12) -> 6 | H12: =IF(F12<=1,5,IF(F12<=3,4,IF(F12<=5,3,IF(F12<=10,2,1)))) -> 2 | I12: =IF(D12>=5,5,IF(D12>=4,4,IF(D12>=3,3,2))) -> 5 | J12: =ROUND(D12*(5-MIN(E12,1)*5+1)*H12*I12/25*20,0) -> 40 | K12: =IF(COUNTIFS('07_PLAN_FORMATION'!B:B,B12,'07_PLAN_FORMATION'!S:S,"Planifie")>0,"Oui","Non") -> Non | L12: =ROUND(J12*IF(K12="Oui",0.6,1),0) -> 40 | M12: =IF(L12>=70,"🔴 Critique",IF(L12>=50,"🟠 Haute",IF(L12>=30,"🟡 Moyenne",IF(L12>=15,"🔵 Basse","🟢 Maitrise")))) -> 🟡 Moyenne | N12: =IF(L12>=70,"Recrutement + formation express",IF(L12>=50,"Planifier formation sous 30 jours",IF(L12>=30,"Integrer au plan semestriel","Surveillance normale"))) -> Integrer au plan semestriel
A13: =IF('02_REF_COMPETENCES'!A13<>"",'02_REF_COMPETENCES'!A13,"") -> COMP-009 | B13: =IF(A13="","",'02_REF_COMPETENCES'!B13) -> Courants de Foucault ET N2 | C13: =IF(A13="","",'02_REF_COMPETENCES'!C13) -> CND/NDT | D13: =IF(A13="","",'02_REF_COMPETENCES'!E13) -> 4 | E13: =IF(A13="","",'02_REF_COMPETENCES'!X13) -> 1 | F13: =IF(A13="","",'02_REF_COMPETENCES'!P13) -> 6 | G13: =IF(A13="","",'02_REF_COMPETENCES'!Q13) -> 6 | H13: =IF(F13<=1,5,IF(F13<=3,4,IF(F13<=5,3,IF(F13<=10,2,1)))) -> 2 | I13: =IF(D13>=5,5,IF(D13>=4,4,IF(D13>=3,3,2))) -> 4 | J13: =ROUND(D13*(5-MIN(E13,1)*5+1)*H13*I13/25*20,0) -> 26 | K13: =IF(COUNTIFS('07_PLAN_FORMATION'!B:B,B13,'07_PLAN_FORMATION'!S:S,"Planifie")>0,"Oui","Non") -> Non | L13: =ROUND(J13*IF(K13="Oui",0.6,1),0) -> 26 | M13: =IF(L13>=70,"🔴 Critique",IF(L13>=50,"🟠 Haute",IF(L13>=30,"🟡 Moyenne",IF(L13>=15,"🔵 Basse","🟢 Maitrise")))) -> 🔵 Basse | N13: =IF(L13>=70,"Recrutement + formation express",IF(L13>=50,"Planifier formation sous 30 jours",IF(L13>=30,"Integrer au plan semestriel","Surveillance normale"))) -> Surveillance normale
A14: =IF('02_REF_COMPETENCES'!A14<>"",'02_REF_COMPETENCES'!A14,"") -> COMP-010 | B14: =IF(A14="","",'02_REF_COMPETENCES'!B14) -> Usinage CN 3 axes | C14: =IF(A14="","",'02_REF_COMPETENCES'!C14) -> Usinage & fabrication | D14: =IF(A14="","",'02_REF_COMPETENCES'!E14) -> 3 | E14: =IF(A14="","",'02_REF_COMPETENCES'!X14) -> 1 | F14: =IF(A14="","",'02_REF_COMPETENCES'!P14) -> 12 | G14: =IF(A14="","",'02_REF_COMPETENCES'!Q14) -> 12 | H14: =IF(F14<=1,5,IF(F14<=3,4,IF(F14<=5,3,IF(F14<=10,2,1)))) -> 1 | I14: =IF(D14>=5,5,IF(D14>=4,4,IF(D14>=3,3,2))) -> 3 | J14: =ROUND(D14*(5-MIN(E14,1)*5+1)*H14*I14/25*20,0) -> 7 | K14: =IF(COUNTIFS('07_PLAN_FORMATION'!B:B,B14,'07_PLAN_FORMATION'!S:S,"Planifie")>0,"Oui","Non") -> Non | L14: =ROUND(J14*IF(K14="Oui",0.6,1),0) -> 7 | M14: =IF(L14>=70,"🔴 Critique",IF(L14>=50,"🟠 Haute",IF(L14>=30,"🟡 Moyenne",IF(L14>=15,"🔵 Basse","🟢 Maitrise")))) -> 🟢 Maitrise | N14: =IF(L14>=70,"Recrutement + formation express",IF(L14>=50,"Planifier formation sous 30 jours",IF(L14>=30,"Integrer au plan semestriel","Surveillance normale"))) -> Surveillance normale
A15: =IF('02_REF_COMPETENCES'!A15<>"",'02_REF_COMPETENCES'!A15,"") -> COMP-011 | B15: =IF(A15="","",'02_REF_COMPETENCES'!B15) -> Usinage CN 5 axes | C15: =IF(A15="","",'02_REF_COMPETENCES'!C15) -> Usinage & fabrication | D15: =IF(A15="","",'02_REF_COMPETENCES'!E15) -> 5 | E15: =IF(A15="","",'02_REF_COMPETENCES'!X15) -> 0.77777778 | F15: =IF(A15="","",'02_REF_COMPETENCES'!P15) -> 7 | G15: =IF(A15="","",'02_REF_COMPETENCES'!Q15) -> 9 | H15: =IF(F15<=1,5,IF(F15<=3,4,IF(F15<=5,3,IF(F15<=10,2,1)))) -> 2 | I15: =IF(D15>=5,5,IF(D15>=4,4,IF(D15>=3,3,2))) -> 5 | J15: =ROUND(D15*(5-MIN(E15,1)*5+1)*H15*I15/25*20,0) -> 84 | K15: =IF(COUNTIFS('07_PLAN_FORMATION'!B:B,B15,'07_PLAN_FORMATION'!S:S,"Planifie")>0,"Oui","Non") -> Non | L15: =ROUND(J15*IF(K15="Oui",0.6,1),0) -> 84 | M15: =IF(L15>=70,"🔴 Critique",IF(L15>=50,"🟠 Haute",IF(L15>=30,"🟡 Moyenne",IF(L15>=15,"🔵 Basse","🟢 Maitrise")))) -> 🔴 Critique | N15: =IF(L15>=70,"Recrutement + formation express",IF(L15>=50,"Planifier formation sous 30 jours",IF(L15>=30,"Integrer au plan semestriel","Surveillance normale"))) -> Recrutement + formation express
A16: =IF('02_REF_COMPETENCES'!A16<>"",'02_REF_COMPETENCES'!A16,"") -> COMP-012 | B16: =IF(A16="","",'02_REF_COMPETENCES'!B16) -> Tournage CN | C16: =IF(A16="","",'02_REF_COMPETENCES'!C16) -> Usinage & fabrication | D16: =IF(A16="","",'02_REF_COMPETENCES'!E16) -> 3 | E16: =IF(A16="","",'02_REF_COMPETENCES'!X16) -> 1 | F16: =IF(A16="","",'02_REF_COMPETENCES'!P16) -> 6 | G16: =IF(A16="","",'02_REF_COMPETENCES'!Q16) -> 6 | H16: =IF(F16<=1,5,IF(F16<=3,4,IF(F16<=5,3,IF(F16<=10,2,1)))) -> 2 | I16: =IF(D16>=5,5,IF(D16>=4,4,IF(D16>=3,3,2))) -> 3 | J16: =ROUND(D16*(5-MIN(E16,1)*5+1)*H16*I16/25*20,0) -> 14 | K16: =IF(COUNTIFS('07_PLAN_FORMATION'!B:B,B16,'07_PLAN_FORMATION'!S:S,"Planifie")>0,"Oui","Non") -> Oui | L16: =ROUND(J16*IF(K16="Oui",0.6,1),0) -> 8 | M16: =IF(L16>=70,"🔴 Critique",IF(L16>=50,"🟠 Haute",IF(L16>=30,"🟡 Moyenne",IF(L16>=15,"🔵 Basse","🟢 Maitrise")))) -> 🟢 Maitrise | N16: =IF(L16>=70,"Recrutement + formation express",IF(L16>=50,"Planifier formation sous 30 jours",IF(L16>=30,"Integrer au plan semestriel","Surveillance normale"))) -> Surveillance normale
... A24: =IF('02_REF_COMPETENCES'!A24<>"",'02_REF_COMPETENCES'!A24,"") -> COMP-020 | B24: =IF(A24="","",'02_REF_COMPETENCES'!B24) -> Conception CAO CATIA V5/V6 | C24: =IF(A24="","",'02_REF_COMPETENCES'!C24) -> Bureau d'etudes | D24: =IF(A24="","",'02_REF_COMPETENCES'!E24) -> 4 | E24: =IF(A24="","",'02_REF_COMPETENCES'!X24) -> 1.1666667 | F24: =IF(A24="","",'02_REF_COMPETENCES'!P24) -> 14 | G24: =IF(A24="","",'02_REF_COMPETENCES'!Q24) -> 12 | H24: =IF(F24<=1,5,IF(F24<=3,4,IF(F24<=5,3,IF(F24<=10,2,1)))) -> 1 | I24: =IF(D24>=5,5,IF(D24>=4,4,IF(D24>=3,3,2))) -> 4 | J24: =ROUND(D24*(5-MIN(E24,1)*5+1)*H24*I24/25*20,0) -> 13 | K24: =IF(COUNTIFS('07_PLAN_FORMATION'!B:B,B24,'07_PLAN_FORMATION'!S:S,"Planifie")>0,"Oui","Non") -> Oui | L24: =ROUND(J24*IF(K24="Oui",0.6,1),0) -> 8 | M24: =IF(L24>=70,"🔴 Critique",IF(L24>=50,"🟠 Haute",IF(L24>=30,"🟡 Moyenne",IF(L24>=15,"🔵 Basse","🟢 Maitrise")))) -> 🟢 Maitrise | N24: =IF(L24>=70,"Recrutement + formation express",IF(L24>=50,"Planifier formation sous 30 jours",IF(L24>=30,"Integrer au plan semestriel","Surveillance normale"))) -> Surveillance normale

Sheet 15_SIMULATION_DEPARTS
A1: Simulation d'impact des departs
A2: Zone de simulation simple sur cinq collaborateurs
A4: ID employe | B4: Nom prenom | C4: Site | D4: Poste | E4: Nb comp. | F4: Nb comp. critiques | G4: Ruptures apres depart | H4: Cout remplacement | I4: Temps remplt | J4: Substituabilite | K4: Impact global
A5: EMP-001 | B5: =IFERROR(VLOOKUP(A5,'03_ANNUAIRE'!A:C,2,FALSE)&" "&VLOOKUP(A5,'03_ANNUAIRE'!A:C,3,FALSE),"Saisir ID") -> DUPONT Jean-Marc | C5: =IFERROR(VLOOKUP(A5,'03_ANNUAIRE'!A:D,4,FALSE),"") -> Villaroche (77) | D5: =IFERROR(VLOOKUP(A5,'03_ANNUAIRE'!A:F,6,FALSE),"") -> Soudeur TIG qualifie | E5: =COUNTIF('04_MATRICE_SKILLS'!B:B,A5) -> 10 | F5: =COUNTIFS('04_MATRICE_SKILLS'!B:B,A5,'04_MATRICE_SKILLS'!H:H,"Critique") -> 3 | G5: =IFERROR(SUMPRODUCT(('04_MATRICE_SKILLS'!B$5:B$500=A5)*(COUNTIFS('04_MATRICE_SKILLS'!F$5:F$500,'04_MATRICE_SKILLS'!F$5:F$500,'04_MATRICE_SKILLS'!L$5:L$500,"Conforme")<=2)),0) -> 1 | H5: =IFERROR(SUMPRODUCT(('04_MATRICE_SKILLS'!B$5:B$500=A5)*(VLOOKUP('04_MATRICE_SKILLS'!F$5:F$500,'02_REF_COMPETENCES'!A:J,10,FALSE))),0) -> 500000 | I5: =IF(F5>3,18,IF(F5>1,12,IF(F5>0,6,0))) -> 12 | J5: =IF(G5>=3,"🔴 Irremplacable",IF(G5>=1,"🟠 Difficile","🟢 Remplacable")) -> 🟠 Difficile | K5: =IF(G5>=3,"Impact majeur",IF(G5>=1,"Impact significatif","Impact faible")) -> Impact significatif
B6: =IFERROR(VLOOKUP(A6,'03_ANNUAIRE'!A:C,2,FALSE)&" "&VLOOKUP(A6,'03_ANNUAIRE'!A:C,3,FALSE),"Saisir ID") -> Saisir ID | C6: =IFERROR(VLOOKUP(A6,'03_ANNUAIRE'!A:D,4,FALSE),"") | D6: =IFERROR(VLOOKUP(A6,'03_ANNUAIRE'!A:F,6,FALSE),"") | E6: =COUNTIF('04_MATRICE_SKILLS'!B:B,A6) -> 0 | F6: =COUNTIFS('04_MATRICE_SKILLS'!B:B,A6,'04_MATRICE_SKILLS'!H:H,"Critique") -> 0 | G6: =IFERROR(SUMPRODUCT(('04_MATRICE_SKILLS'!B$5:B$500=A6)*(COUNTIFS('04_MATRICE_SKILLS'!F$5:F$500,'04_MATRICE_SKILLS'!F$5:F$500,'04_MATRICE_SKILLS'!L$5:L$500,"Conforme")<=2)),0) -> 68 | H6: =IFERROR(SUMPRODUCT(('04_MATRICE_SKILLS'!B$5:B$500=A6)*(VLOOKUP('04_MATRICE_SKILLS'!F$5:F$500,'02_REF_COMPETENCES'!A:J,10,FALSE))),0) -> 2380000 | I6: =IF(F6>3,18,IF(F6>1,12,IF(F6>0,6,0))) -> 0 | J6: =IF(G6>=3,"🔴 Irremplacable",IF(G6>=1,"🟠 Difficile","🟢 Remplacable")) -> 🔴 Irremplacable | K6: =IF(G6>=3,"Impact majeur",IF(G6>=1,"Impact significatif","Impact faible")) -> Impact majeur
B7: =IFERROR(VLOOKUP(A7,'03_ANNUAIRE'!A:C,2,FALSE)&" "&VLOOKUP(A7,'03_ANNUAIRE'!A:C,3,FALSE),"Saisir ID") -> Saisir ID | C7: =IFERROR(VLOOKUP(A7,'03_ANNUAIRE'!A:D,4,FALSE),"") | D7: =IFERROR(VLOOKUP(A7,'03_ANNUAIRE'!A:F,6,FALSE),"") | E7: =COUNTIF('04_MATRICE_SKILLS'!B:B,A7) -> 0 | F7: =COUNTIFS('04_MATRICE_SKILLS'!B:B,A7,'04_MATRICE_SKILLS'!H:H,"Critique") -> 0 | G7: =IFERROR(SUMPRODUCT(('04_MATRICE_SKILLS'!B$5:B$500=A7)*(COUNTIFS('04_MATRICE_SKILLS'!F$5:F$500,'04_MATRICE_SKILLS'!F$5:F$500,'04_MATRICE_SKILLS'!L$5:L$500,"Conforme")<=2)),0) -> 68 | H7: =IFERROR(SUMPRODUCT(('04_MATRICE_SKILLS'!B$5:B$500=A7)*(VLOOKUP('04_MATRICE_SKILLS'!F$5:F$500,'02_REF_COMPETENCES'!A:J,10,FALSE))),0) -> 1904000 | I7: =IF(F7>3,18,IF(F7>1,12,IF(F7>0,6,0))) -> 0 | J7: =IF(G7>=3,"🔴 Irremplacable",IF(G7>=1,"🟠 Difficile","🟢 Remplacable")) -> 🔴 Irremplacable | K7: =IF(G7>=3,"Impact majeur",IF(G7>=1,"Impact significatif","Impact faible")) -> Impact majeur
B8: =IFERROR(VLOOKUP(A8,'03_ANNUAIRE'!A:C,2,FALSE)&" "&VLOOKUP(A8,'03_ANNUAIRE'!A:C,3,FALSE),"Saisir ID") -> Saisir ID | C8: =IFERROR(VLOOKUP(A8,'03_ANNUAIRE'!A:D,4,FALSE),"") | D8: =IFERROR(VLOOKUP(A8,'03_ANNUAIRE'!A:F,6,FALSE),"") | E8: =COUNTIF('04_MATRICE_SKILLS'!B:B,A8) -> 0 | F8: =COUNTIFS('04_MATRICE_SKILLS'!B:B,A8,'04_MATRICE_SKILLS'!H:H,"Critique") -> 0 | G8: =IFERROR(SUMPRODUCT(('04_MATRICE_SKILLS'!B$5:B$500=A8)*(COUNTIFS('04_MATRICE_SKILLS'!F$5:F$500,'04_MATRICE_SKILLS'!F$5:F$500,'04_MATRICE_SKILLS'!L$5:L$500,"Conforme")<=2)),0) -> 68 | H8: =IFERROR(SUMPRODUCT(('04_MATRICE_SKILLS'!B$5:B$500=A8)*(VLOOKUP('04_MATRICE_SKILLS'!F$5:F$500,'02_REF_COMPETENCES'!A:J,10,FALSE))),0) -> 1904000 | I8: =IF(F8>3,18,IF(F8>1,12,IF(F8>0,6,0))) -> 0 | J8: =IF(G8>=3,"🔴 Irremplacable",IF(G8>=1,"🟠 Difficile","🟢 Remplacable")) -> 🔴 Irremplacable | K8: =IF(G8>=3,"Impact majeur",IF(G8>=1,"Impact significatif","Impact faible")) -> Impact majeur
B9: =IFERROR(VLOOKUP(A9,'03_ANNUAIRE'!A:C,2,FALSE)&" "&VLOOKUP(A9,'03_ANNUAIRE'!A:C,3,FALSE),"Saisir ID") -> Saisir ID | C9: =IFERROR(VLOOKUP(A9,'03_ANNUAIRE'!A:D,4,FALSE),"") | D9: =IFERROR(VLOOKUP(A9,'03_ANNUAIRE'!A:F,6,FALSE),"") | E9: =COUNTIF('04_MATRICE_SKILLS'!B:B,A9) -> 0 | F9: =COUNTIFS('04_MATRICE_SKILLS'!B:B,A9,'04_MATRICE_SKILLS'!H:H,"Critique") -> 0 | G9: =IFERROR(SUMPRODUCT(('04_MATRICE_SKILLS'!B$5:B$500=A9)*(COUNTIFS('04_MATRICE_SKILLS'!F$5:F$500,'04_MATRICE_SKILLS'!F$5:F$500,'04_MATRICE_SKILLS'!L$5:L$500,"Conforme")<=2)),0) -> 68 | H9: =IFERROR(SUMPRODUCT(('04_MATRICE_SKILLS'!B$5:B$500=A9)*(VLOOKUP('04_MATRICE_SKILLS'!F$5:F$500,'02_REF_COMPETENCES'!A:J,10,FALSE))),0) -> 2856000 | I9: =IF(F9>3,18,IF(F9>1,12,IF(F9>0,6,0))) -> 0 | J9: =IF(G9>=3,"🔴 Irremplacable",IF(G9>=1,"🟠 Difficile","🟢 Remplacable")) -> 🔴 Irremplacable | K9: =IF(G9>=3,"Impact majeur",IF(G9>=1,"Impact significatif","Impact faible")) -> Impact majeur
A12: ANALYSE CONSOLIDEE
A13: Total competences impactees | C13: =SUM(E5:E9) -> 10
A14: Total ruptures estimees | C14: =SUM(G5:G9) -> 273
A15: Cout total remplacement | C15: =SUM(H5:H9) -> 9544000
A16: Temps moyen remplacement | C16: =AVERAGE(I5:I9) -> 2.4
A17: Nb profils irremplacables | C17: =COUNTIF(J5:J9,"*Irremplacable*") -> 4

Sheet 16_CALENDRIER_CONSOLIDE
A1: Calendrier consolide
A2: Vision planning des formations et jalons RH
A4: Date | B4: Type | C4: Site | D4: Employe | E4: Action | F4: Priorite | G4: Statut | H4: Source
A5: =IFERROR(INDEX('07_PLAN_FORMATION'!G:G,ROW()+0),"") -> 46333 | B5: "Formation" | C5: =IFERROR(INDEX('07_PLAN_FORMATION'!E:E,ROW()+0),"") -> Villaroche (77) | D5: =IFERROR(INDEX('07_PLAN_FORMATION'!D:D,ROW()+0),"") -> DUPONT Jean-Marc | E5: =IFERROR(INDEX('07_PLAN_FORMATION'!B:B,ROW()+0),"") -> Soudure TIG aeronautique | F5: =IFERROR(INDEX('07_PLAN_FORMATION'!F:F,ROW()+0),"") -> Important | G5: =IFERROR(INDEX('07_PLAN_FORMATION'!S:S,ROW()+0),"") -> Planifie | H5: 07_PLAN_FORMATION
A6: =IFERROR(INDEX('07_PLAN_FORMATION'!G:G,ROW()+0),"") -> 46190 | B6: "Formation" | C6: =IFERROR(INDEX('07_PLAN_FORMATION'!E:E,ROW()+0),"") -> Villaroche (77) | D6: =IFERROR(INDEX('07_PLAN_FORMATION'!D:D,ROW()+0),"") -> DUPONT Jean-Marc | E6: =IFERROR(INDEX('07_PLAN_FORMATION'!B:B,ROW()+0),"") -> Ressuage PT Niveau 2 | F6: =IFERROR(INDEX('07_PLAN_FORMATION'!F:F,ROW()+0),"") -> Important | G6: =IFERROR(INDEX('07_PLAN_FORMATION'!S:S,ROW()+0),"") -> Planifie | H6: 07_PLAN_FORMATION
A7: =IFERROR(INDEX('07_PLAN_FORMATION'!G:G,ROW()+0),"") -> 46250 | B7: "Formation" | C7: =IFERROR(INDEX('07_PLAN_FORMATION'!E:E,ROW()+0),"") -> Chatellerault (86) | D7: =IFERROR(INDEX('07_PLAN_FORMATION'!D:D,ROW()+0),"") -> BERNARD Thomas | E7: =IFERROR(INDEX('07_PLAN_FORMATION'!B:B,ROW()+0),"") -> Magnetoscopie MT Niveau 2 | F7: =IFERROR(INDEX('07_PLAN_FORMATION'!F:F,ROW()+0),"") -> Important | G7: =IFERROR(INDEX('07_PLAN_FORMATION'!S:S,ROW()+0),"") -> A planifier | H7: 07_PLAN_FORMATION
A8: =IFERROR(INDEX('07_PLAN_FORMATION'!G:G,ROW()+0),"") -> 46271 | B8: "Formation" | C8: =IFERROR(INDEX('07_PLAN_FORMATION'!E:E,ROW()+0),"") -> Chatellerault (86) | D8: =IFERROR(INDEX('07_PLAN_FORMATION'!D:D,ROW()+0),"") -> BERNARD Thomas | E8: =IFERROR(INDEX('07_PLAN_FORMATION'!B:B,ROW()+0),"") -> Radiographie RT Niveau 2 | F8: =IFERROR(INDEX('07_PLAN_FORMATION'!F:F,ROW()+0),"") -> Important | G8: =IFERROR(INDEX('07_PLAN_FORMATION'!S:S,ROW()+0),"") -> A planifier | H8: 07_PLAN_FORMATION
A9: =IFERROR(INDEX('07_PLAN_FORMATION'!G:G,ROW()+0),"") -> 46346 | B9: "Formation" | C9: =IFERROR(INDEX('07_PLAN_FORMATION'!E:E,ROW()+0),"") -> Chatellerault (86) | D9: =IFERROR(INDEX('07_PLAN_FORMATION'!D:D,ROW()+0),"") -> BERNARD Thomas | E9: =IFERROR(INDEX('07_PLAN_FORMATION'!B:B,ROW()+0),"") -> First Article Inspection FAI | F9: =IFERROR(INDEX('07_PLAN_FORMATION'!F:F,ROW()+0),"") -> Important | G9: =IFERROR(INDEX('07_PLAN_FORMATION'!S:S,ROW()+0),"") -> En cours | H9: 07_PLAN_FORMATION
A10: =IFERROR(INDEX('07_PLAN_FORMATION'!G:G,ROW()+0),"") -> 46173 | B10: "Formation" | C10: =IFERROR(INDEX('07_PLAN_FORMATION'!E:E,ROW()+0),"") -> Bordes (64) | D10: =IFERROR(INDEX('07_PLAN_FORMATION'!D:D,ROW()+0),"") -> PETIT Nicolas | E10: =IFERROR(INDEX('07_PLAN_FORMATION'!B:B,ROW()+0),"") -> Ultrasons UT Niveau 2 | F10: =IFERROR(INDEX('07_PLAN_FORMATION'!F:F,ROW()+0),"") -> Important | G10: =IFERROR(INDEX('07_PLAN_FORMATION'!S:S,ROW()+0),"") -> En cours | H10: 07_PLAN_FORMATION
A11: =IFERROR(INDEX('07_PLAN_FORMATION'!G:G,ROW()+0),"") -> 46175 | B11: "Formation" | C11: =IFERROR(INDEX('07_PLAN_FORMATION'!E:E,ROW()+0),"") -> Villaroche (77) | D11: =IFERROR(INDEX('07_PLAN_FORMATION'!D:D,ROW()+0),"") -> RICHARD Antoine | E11: =IFERROR(INDEX('07_PLAN_FORMATION'!B:B,ROW()+0),"") -> Tournage CN | F11: =IFERROR(INDEX('07_PLAN_FORMATION'!F:F,ROW()+0),"") -> Important | G11: =IFERROR(INDEX('07_PLAN_FORMATION'!S:S,ROW()+0),"") -> A planifier | H11: 07_PLAN_FORMATION
A12: =IFERROR(INDEX('07_PLAN_FORMATION'!G:G,ROW()+0),"") -> 46151 | B12: "Formation" | C12: =IFERROR(INDEX('07_PLAN_FORMATION'!E:E,ROW()+0),"") -> Villaroche (77) | D12: =IFERROR(INDEX('07_PLAN_FORMATION'!D:D,ROW()+0),"") -> RICHARD Antoine | E12: =IFERROR(INDEX('07_PLAN_FORMATION'!B:B,ROW()+0),"") -> Programmation FAO CATIA Mfg | F12: =IFERROR(INDEX('07_PLAN_FORMATION'!F:F,ROW()+0),"") -> Important | G12: =IFERROR(INDEX('07_PLAN_FORMATION'!S:S,ROW()+0),"") -> Realise | H12: 07_PLAN_FORMATION
A13: =IFERROR(INDEX('07_PLAN_FORMATION'!G:G,ROW()+0),"") -> 46249 | B13: "Formation" | C13: =IFERROR(INDEX('07_PLAN_FORMATION'!E:E,ROW()+0),"") -> Gennevilliers (92) | D13: =IFERROR(INDEX('07_PLAN_FORMATION'!D:D,ROW()+0),"") -> DURAND Sebastien | E13: =IFERROR(INDEX('07_PLAN_FORMATION'!B:B,ROW()+0),"") -> Traitement thermique aero | F13: =IFERROR(INDEX('07_PLAN_FORMATION'!F:F,ROW()+0),"") -> Important | G13: =IFERROR(INDEX('07_PLAN_FORMATION'!S:S,ROW()+0),"") -> Planifie | H13: 07_PLAN_FORMATION
A14: =IFERROR(INDEX('07_PLAN_FORMATION'!G:G,ROW()+0),"") -> 46147 | B14: "Formation" | C14: =IFERROR(INDEX('07_PLAN_FORMATION'!E:E,ROW()+0),"") -> Chatellerault (86) | D14: =IFERROR(INDEX('07_PLAN_FORMATION'!D:D,ROW()+0),"") -> MOREAU Francois | E14: =IFERROR(INDEX('07_PLAN_FORMATION'!B:B,ROW()+0),"") -> Shot peening controle | F14: =IFERROR(INDEX('07_PLAN_FORMATION'!F:F,ROW()+0),"") -> Important | G14: =IFERROR(INDEX('07_PLAN_FORMATION'!S:S,ROW()+0),"") -> Realise | H14: 07_PLAN_FORMATION
A15: =IFERROR(INDEX('07_PLAN_FORMATION'!G:G,ROW()+0),"") -> 46241 | B15: "Formation" | C15: =IFERROR(INDEX('07_PLAN_FORMATION'!E:E,ROW()+0),"") -> Istres (13) | D15: =IFERROR(INDEX('07_PLAN_FORMATION'!D:D,ROW()+0),"") -> DAVID Frederic | E15: =IFERROR(INDEX('07_PLAN_FORMATION'!B:B,ROW()+0),"") -> Lean Manufacturing / 6 Sigma | F15: =IFERROR(INDEX('07_PLAN_FORMATION'!F:F,ROW()+0),"") -> Important | G15: =IFERROR(INDEX('07_PLAN_FORMATION'!S:S,ROW()+0),"") -> A planifier | H15: 07_PLAN_FORMATION
A16: =IFERROR(INDEX('07_PLAN_FORMATION'!G:G,ROW()+0),"") -> 46154 | B16: "Formation" | C16: =IFERROR(INDEX('07_PLAN_FORMATION'!E:E,ROW()+0),"") -> Villaroche (77) | D16: =IFERROR(INDEX('07_PLAN_FORMATION'!D:D,ROW()+0),"") -> BERTRAND Olivier | E16: =IFERROR(INDEX('07_PLAN_FORMATION'!B:B,ROW()+0),"") -> Tournage CN | F16: =IFERROR(INDEX('07_PLAN_FORMATION'!F:F,ROW()+0),"") -> Important | G16: =IFERROR(INDEX('07_PLAN_FORMATION'!S:S,ROW()+0),"") -> Planifie | H16: 07_PLAN_FORMATION
... A34: =IFERROR(INDEX('07_PLAN_FORMATION'!G:G,ROW()+0),"") -> 46347 | B34: "Formation" | C34: =IFERROR(INDEX('07_PLAN_FORMATION'!E:E,ROW()+0),"") -> Istres (13) | D34: =IFERROR(INDEX('07_PLAN_FORMATION'!D:D,ROW()+0),"") -> PERRIN Damien | E34: =IFERROR(INDEX('07_PLAN_FORMATION'!B:B,ROW()+0),"") -> Calcul structures NASTRAN | F34: =IFERROR(INDEX('07_PLAN_FORMATION'!F:F,ROW()+0),"") -> Critique | G34: =IFERROR(INDEX('07_PLAN_FORMATION'!S:S,ROW()+0),"") -> Planifie | H34: 07_PLAN_FORMATION

Sheet 17_BENCHMARK_SITES
A1: Benchmark inter-sites
A2: Comparaison des indicateurs clefs entre sites
A4: Indicateur | B4: Villaroche (77) | C4: Gennevilliers (92) | D4: Chatellerault (86) | E4: Bordes (64) | F4: Istres (13) | G4: Moyenne | H4: Ecart-type
A5: Effectif | B5: =COUNTIF('03_ANNUAIRE'!D:D,"Villaroche (77)") -> 12 | C5: =COUNTIF('03_ANNUAIRE'!D:D,"Gennevilliers (92)") -> 12 | D5: =COUNTIF('03_ANNUAIRE'!D:D,"Chatellerault (86)") -> 12 | E5: =COUNTIF('03_ANNUAIRE'!D:D,"Bordes (64)") -> 12 | F5: =COUNTIF('03_ANNUAIRE'!D:D,"Istres (13)") -> 12 | G5: =AVERAGE(B5:F5) -> 12 | H5: =STDEV(B5:F5) -> 0
A6: Score moyen | B6: =IFERROR(AVERAGEIF('04_MATRICE_SKILLS'!D:D,"Villaroche (77)",'04_MATRICE_SKILLS'!I:I),0) -> 2.9130435 | C6: =IFERROR(AVERAGEIF('04_MATRICE_SKILLS'!D:D,"Gennevilliers (92)",'04_MATRICE_SKILLS'!I:I),0) -> 2.9659091 | D6: =IFERROR(AVERAGEIF('04_MATRICE_SKILLS'!D:D,"Chatellerault (86)",'04_MATRICE_SKILLS'!I:I),0) -> 3.0705882 | E6: =IFERROR(AVERAGEIF('04_MATRICE_SKILLS'!D:D,"Bordes (64)",'04_MATRICE_SKILLS'!I:I),0) -> 3.4567901 | F6: =IFERROR(AVERAGEIF('04_MATRICE_SKILLS'!D:D,"Istres (13)",'04_MATRICE_SKILLS'!I:I),0) -> 3.0365854 | G6: =AVERAGE(B6:F6) -> 3.0885833 | H6: =STDEV(B6:F6) -> 0.21474814
A7: Taux couverture | B7: =IFERROR(COUNTIFS('04_MATRICE_SKILLS'!D:D,"Villaroche (77)",'04_MATRICE_SKILLS'!L:L,"Conforme")/MAX(COUNTIF('04_MATRICE_SKILLS'!D:D,"Villaroche (77)"),1),0) -> 0.55434783 | C7: =IFERROR(COUNTIFS('04_MATRICE_SKILLS'!D:D,"Gennevilliers (92)",'04_MATRICE_SKILLS'!L:L,"Conforme")/MAX(COUNTIF('04_MATRICE_SKILLS'!D:D,"Gennevilliers (92)"),1),0) -> 0.57954545 | D7: =IFERROR(COUNTIFS('04_MATRICE_SKILLS'!D:D,"Chatellerault (86)",'04_MATRICE_SKILLS'!L:L,"Conforme")/MAX(COUNTIF('04_MATRICE_SKILLS'!D:D,"Chatellerault (86)"),1),0) -> 0.63529412 | E7: =IFERROR(COUNTIFS('04_MATRICE_SKILLS'!D:D,"Bordes (64)",'04_MATRICE_SKILLS'!L:L,"Conforme")/MAX(COUNTIF('04_MATRICE_SKILLS'!D:D,"Bordes (64)"),1),0) -> 0.60493827 | F7: =IFERROR(COUNTIFS('04_MATRICE_SKILLS'!D:D,"Istres (13)",'04_MATRICE_SKILLS'!L:L,"Conforme")/MAX(COUNTIF('04_MATRICE_SKILLS'!D:D,"Istres (13)"),1),0) -> 0.59756098 | G7: =AVERAGE(B7:F7) -> 0.59433733 | H7: =STDEV(B7:F7) -> 0.030075697
A8: Gaps critiques | B8: =COUNTIFS('05_GAP_ANALYSIS'!D:D,"Villaroche (77)",'05_GAP_ANALYSIS'!H:H,"🔴*") -> 0 | C8: =COUNTIFS('05_GAP_ANALYSIS'!D:D,"Gennevilliers (92)",'05_GAP_ANALYSIS'!H:H,"🔴*") -> 1 | D8: =COUNTIFS('05_GAP_ANALYSIS'!D:D,"Chatellerault (86)",'05_GAP_ANALYSIS'!H:H,"🔴*") -> 0 | E8: =COUNTIFS('05_GAP_ANALYSIS'!D:D,"Bordes (64)",'05_GAP_ANALYSIS'!H:H,"🔴*") -> 0 | F8: =COUNTIFS('05_GAP_ANALYSIS'!D:D,"Istres (13)",'05_GAP_ANALYSIS'!H:H,"🔴*") -> 3 | G8: =AVERAGE(B8:F8) -> 0.8 | H8: =STDEV(B8:F8) -> 1.3038405
A9: Budget engage | B9: =SUMIF('08_BUDGET'!A:A,"Villaroche (77) - Formation",'08_BUDGET'!D:D) -> 17264.4 | C9: =SUMIF('08_BUDGET'!A:A,"Gennevilliers (92) - Formation",'08_BUDGET'!D:D) -> 6766.2 | D9: =SUMIF('08_BUDGET'!A:A,"Chatellerault (86) - Formation",'08_BUDGET'!D:D) -> 6950.5 | E9: =SUMIF('08_BUDGET'!A:A,"Bordes (64) - Formation",'08_BUDGET'!D:D) -> 9051.6 | F9: =SUMIF('08_BUDGET'!A:A,"Istres (13) - Formation",'08_BUDGET'!D:D) -> 11262.4 | G9: =AVERAGE(B9:F9) -> 10259.02 | H9: =STDEV(B9:F9) -> 4321.0554
A10: Polyvalence moyenne | B10: =IFERROR(AVERAGEIF('03_ANNUAIRE'!D:D,"Villaroche (77)",'03_ANNUAIRE'!Q:Q),0) -> 0.91666667 | C10: =IFERROR(AVERAGEIF('03_ANNUAIRE'!D:D,"Gennevilliers (92)",'03_ANNUAIRE'!Q:Q),0) -> 0.91666667 | D10: =IFERROR(AVERAGEIF('03_ANNUAIRE'!D:D,"Chatellerault (86)",'03_ANNUAIRE'!Q:Q),0) -> 1.0166667 | E10: =IFERROR(AVERAGEIF('03_ANNUAIRE'!D:D,"Bordes (64)",'03_ANNUAIRE'!Q:Q),0) -> 0.95 | F10: =IFERROR(AVERAGEIF('03_ANNUAIRE'!D:D,"Istres (13)",'03_ANNUAIRE'!Q:Q),0) -> 0.88333333 | G10: =AVERAGE(B10:F10) -> 0.93666667 | H10: =STDEV(B10:F10) -> 0.050552503

Sheet 18_GENERATEUR_NOTIF
A1: Generateur de notifications
A2: Messages prets a l'emploi derives des alertes du classeur
A4: # | B4: Type | C4: Niveau | D4: Destinataire | E4: Message
A5: 1 | B5: Alerte couverture | C5: Critique | D5: DRH / Direction industrielle | E5: ="Couverture critique detectee sur "&INDEX('14_MATRICE_RISQUES'!B:B,MATCH("🔴 Critique",'14_MATRICE_RISQUES'!M:M,0)) -> Couverture critique detectee sur Soudure faisceau electrons
A6: 2 | B6: Alerte gap | C6: Critique | D6: Manager de site | E6: ="Gap critique non traite pour "&INDEX('05_GAP_ANALYSIS'!C:C,MATCH("🔴 Critique",'05_GAP_ANALYSIS'!H:H,0)) -> Gap critique non traite pour PERRIN Damien
A7: 3 | B7: Alerte succession | C7: Important | D7: DRH | E7: ="Plan de succession a revoir sur "&INDEX('06_SUCCESSION'!B:B,MATCH("Critique",'06_SUCCESSION'!E:E,0)) -> Plan de succession a revoir sur Responsable qualite PART 21
A8: 4 | B8: Alerte budget | C8: Attention | D8: RH formation | E8: ="Depassement potentiel budget formation : "&TEXT(SUM('08_BUDGET'!D:D),"# ##0 €") -> Depassement potentiel budget formation : 51 295 €
A9: 5 | B9: Alerte qualite donnees | C9: Important | D9: PMO SkillsMap | E9: ="Score qualite donnees actuel : "&'11_CONTROLES'!E3 -> Score qualite donnees actuel : 74/100
